FIPS,State,County,perc_Adults_Obesity,95_Cl_low_obs,95_Cl_high_obs,Avg_num_Physical_Unhealthy_Days,Avg_num_Mental_Unhealthy_Days,Food_Environment_Index,perc_Physically_Inactive,perc_With_Access_Exercise,num_Uninsured,perc_Uninsured,num_Primary_Care_Physicians,Primary_Care_Physicians_Rate,Primary_Care_Physicians_Ratio,num_Dentists,Dentist_Rate,Dentist_Ratio,num_Mental_Health_Providers,Mental_Health_Provider_Rate,Mental_Health_Provider_Ratio,num_Completed_High_School,Population_Age25,perc_Completed_HighSchool,num_Some_College,Population_25_Age_44,perc_Some_college,num_UnemployedAge16,LaborForce_Size,perc_Unemployed,80th_Percentile_Income,20th_Percentile_Income,Income_Ratio,num_Children_SingleParent_Households,num_Children_Overall_Households,perc_Children_SingleParent_Households,num_Associations,Social_Association_Rate,perc_Severe_Housing_Problems,Severe_Housing_Cost_Burdenperc,Overcrowdingperc,Inadequate_Facilitiesperc,num_Food_Insecure,perc_Food_Insecure,num_LimitedAccess_healthyFood,perc_LimitedAccess_HealthyFoods,perc_Adults_Diabetes,95_CI_Low_Adults_Diabetes,95_CI_High_Adults_Diabetes,perc_Insufficient_Sleep,num_Uninsured,perc_Uninsured,Median_Household_Income,95_CI_Low_Median_Household_Income,95_CI_High_Median_Household_Income,Household_Income_NativeAmerican,Household_Income_Asian,Household_Income_Black,Household_Income_Hispanic,Household_Income_white,num_Homeowners,perc_Homeowners,num_Household_Severe_Cost_Burden,perc_Severe_Housing_Cost_Burden,Population,perc_greater18Age,perc65greaterAge,numBlack,percBlack,numNativeAmerican,percNativeAmerican,numAsian,percAsian,numNativeHawaiianPacificIslander,percNativeHawaiianPacificIslander,numHispanic,percHispanic, numNonHispanic_white,percNonHispanic_white,numNotProficient_English,percNotProficient_English,percfemale,numrural_residents,percrural
48000,Texas,,34,32,36,3.6,3.9,6.1,27,80,5114881,21,17804,61,1629:1,17691,60,1660:1,38679,132,759:1,15565117,18449851,84,5106680,8098532,63,1067994,13983343,7.6,128683,26733,4.8,1922773,7363385,26,21804,7.5,17,13,5,1,4092850,14,2099608,8,12,11,13,34,4230735,24,66048,65234,66862,57973,91879,48293,51401,77821,6168808,62,1274018,13,29360759,25.3,13.2,3586857,12.2,307285,1.0,1584830,5.4,45057,0.2,11691857,39.8,11975667,40.8,1854793,7,50.3,3847522,15.3
48001,Texas,Anderson,39,38,40,4.6,4.7,6.4,34,26,7415,21,22,38,2624:1,25,43,2312:1,30,52,1927:1,34919,42328,82,7413,18709,40,1312,23325,5.6,89626,21024,4.3,3268,11105,29,53,9.2,13,9,4,1,8400,15,9259,16,13,13,14,38,5930,24,50879,44088,57670,26667,46416,33985,42729,50412,11844,72,1434,9,57805,19.0,15.3,12194,21.1,433,0.7,542,0.9,116,0.2,10589,18.3,33539,58.0,1049,2,38.7,39204,67.1
48003,Texas,Andrews,37,36,39,4.2,4.4,8.1,34,93,3532,21,7,37,2672:1,4,21,4720:1,3,16,6293:1,8395,10944,77,1989,4915,40,754,9220,8.2,136021,26969,5.0,1160,5592,21,13,7.0,14,6,7,0,1760,10,1213,8,13,12,14,36,2623,24,76600,63099,90101,,,,61563,82470,4220,75,447,8,18879,31.4,9.7,277,1.5,288,1.5,152,0.8,5,0.0,10898,57.7,7322,38.8,1099,7,49.0,2440,16.5
48005,Texas,Angelina,39,38,40,4.6,4.9,6.5,35,62,15329,22,54,62,1606:1,47,54,1847:1,125,144,694:1,47590,57331,83,12684,21695,58,2712,35495,7.6,94408,21956,4.3,7532,22127,34,97,11.2,17,12,5,1,15090,17,8469,10,13,13,14,37,12595,26,49943,44031,55855,53611,145217,32037,51238,53668,20617,66,3122,10,86796,25.4,17.1,13051,15.0,681,0.8,934,1.1,59,0.1,19859,22.9,51778,59.7,2804,3,51.2,37383,43.1
48007,Texas,Aransas,36,35,38,4.6,4.8,5.7,36,77,4085,25,7,30,3359:1,7,29,3402:1,20,84,1191:1,15515,17811,87,2191,4385,50,767,9058,8.5,108314,20425,5.3,1805,4865,37,11,4.7,18,12,4,2,4450,18,3754,16,13,13,14,37,3430,28,51461,42833,60089,,37885,,33715,55341,8117,82,1172,12,23814,18.0,28.2,328,1.4,318,1.3,473,2.0,30,0.1,6835,28.7,15732,66.1,440,2,50.5,6313,27.3
48009,Texas,Archer,34,33,36,4.0,4.7,7.6,27,22,1356,20,,,,,,,,,,5603,6192,90,1201,1929,62,208,3911,5.3,118271,22923,5.2,317,1906,17,8,9.4,10,7,1,2,1240,14,446,5,10,9,10,35,1056,21,69566,58788,80344,,,,41250,66912,2941,84,358,11,8730,21.5,21.2,76,0.9,140,1.6,49,0.6,5,0.1,713,8.2,7675,87.9,89,1,50.7,8057,89.0
48011,Texas,Armstrong,34,33,35,3.8,4.7,6.3,26,3,254,18,0,0,1887:0,0,0,1869:0,,,,1219,1338,91,309,412,75,39,914,4.3,125625,37167,3.4,88,456,19,5,26.5,10,7,3,0,240,12,406,21,10,9,10,34,188,19,62256,52647,71865,,,,68821,72946,595,83,49,7,1869,22.3,23.1,16,0.9,28,1.5,10,0.5,0,0.0,189,10.1,1616,86.5,8,0,51.2,1901,100.0
48013,Texas,Atascosa,40,38,41,4.3,4.3,7.9,35,37,9579,22,9,18,5684:1,22,43,2351:1,23,44,2249:1,25355,32110,79,5216,12799,41,1843,21822,8.4,108863,25203,4.3,3220,13586,24,30,5.9,16,7,7,1,6140,12,2618,6,14,14,15,36,7773,26,60594,55640,65548,,91198,27632,53030,67107,12279,78,952,6,51724,26.9,15.2,478,0.9,723,1.4,353,0.7,84,0.2,33770,65.3,16650,32.2,2545,5,50.1,27266,60.7
48015,Texas,Austin,35,33,36,4.0,4.4,8.0,30,50,5181,22,5,17,6006:1,13,43,2306:1,11,37,2725:1,17861,20394,88,3874,6560,59,897,13638,6.6,120174,24603,4.9,1525,7100,21,34,11.3,14,9,5,2,4000,13,637,2,11,11,12,36,4130,24,60593,49609,71577,,,31395,51482,77296,9075,78,1278,11,29972,23.6,20.7,2597,8.7,258,0.9,261,0.9,13,0.0,8476,28.3,18218,60.8,1186,4,50.3,18853,66.3
48017,Texas,Bailey,37,35,39,4.0,4.1,8.5,33,81,1635,28,2,29,3500:1,3,45,2232:1,2,30,3349:1,3180,4080,78,636,1816,35,117,2440,4.8,96050,27196,3.5,276,1967,14,6,8.6,15,4,8,3,770,11,157,2,13,12,14,36,1248,33,48259,39161,57357,,,,49224,68453,1592,77,84,4,6697,29.4,15.5,77,1.1,226,3.4,69,1.0,9,0.1,4276,63.8,2220,33.1,578,9,50.1,2060,28.8
48019,Texas,Bandera,35,34,37,4.0,4.5,6.7,29,59,3371,21,5,22,4622:1,6,25,3977:1,28,117,852:1,15667,17461,90,2236,3783,59,574,9835,5.8,113053,25518,4.4,1187,3805,31,22,9.5,11,7,3,1,3540,16,2097,10,11,10,12,35,2831,22,64389,56505,72273,69216,,41875,56008,62526,7540,87,751,9,23861,16.6,29.0,253,1.1,325,1.4,137,0.6,11,0.0,4817,20.2,18193,76.2,480,2,50.5,20485,100.0
48021,Texas,Bastrop,40,38,41,4.1,4.4,7.9,32,46,16504,23,24,27,3697:1,29,32,3159:1,58,63,1579:1,47448,57064,83,10873,20843,52,2557,42573,6.0,125545,30478,4.1,4948,22133,22,61,6.9,16,9,5,3,10230,12,4125,6,12,12,13,37,13274,26,74612,68290,80934,32202,82721,55725,65536,74610,20557,79,2739,11,91601,25.4,15.8,5948,6.5,1889,2.1,870,0.9,156,0.2,37395,40.8,45744,49.9,3466,4,49.1,47360,63.9
48023,Texas,Baylor,35,34,36,4.0,4.7,7.5,29,85,432,16,5,142,702:1,1,28,3518:1,,,,2209,2527,87,339,682,50,62,1767,3.5,83857,16978,4.9,146,796,18,5,14.2,6,5,0,1,580,16,54,1,10,10,11,36,332,18,44392,36172,52612,,,,,,1196,74,70,5,3518,22.8,24.5,76,2.2,35,1.0,16,0.5,3,0.1,516,14.7,2818,80.1,0,0,50.9,3726,100.0
48025,Texas,Bee,42,41,44,4.6,4.4,6.5,37,46,3847,19,7,21,4652:1,9,28,3613:1,14,43,2322:1,17601,22226,79,4656,10647,44,974,9906,9.8,91403,18274,5.0,1883,6874,27,15,4.6,21,15,6,2,5400,17,3435,11,16,15,17,39,3230,23,46316,38389,54243,,,55298,41079,51448,5503,65,1093,14,32513,20.7,13.1,2676,8.2,303,0.9,228,0.7,33,0.1,19410,59.7,9888,30.4,729,2,39.2,13693,43.0
48027,Texas,Bell,39,38,40,4.0,4.4,6.8,30,79,51972,17,280,77,1296:1,311,84,1189:1,886,240,418:1,197051,216686,91,73209,105647,69,10099,144558,7.0,104538,24926,4.2,29377,98377,30,302,8.3,15,12,4,1,52720,15,33023,11,13,12,13,38,42796,20,53639,48931,58347,49432,53882,46377,47994,63896,67893,54,15401,13,369927,27.4,11.5,82784,22.4,4104,1.1,11805,3.2,3227,0.9,95954,25.9,162509,43.9,7447,2,50.3,47113,15.2
48029,Texas,Bexar,36,35,37,4.0,4.1,7.2,29,87,327450,19,1531,76,1309:1,1830,90,1108:1,4095,202,495:1,1072136,1269771,84,368513,585088,63,71110,942127,7.5,115285,24725,4.7,153204,504023,30,1139,5.7,18,14,4,1,270950,14,166124,10,14,13,15,37,283088,23,60477,58269,62685,48697,75371,47415,50930,74005,377055,58,91510,15,2026823,25.1,12.6,151648,7.5,25348,1.3,68260,3.4,4850,0.2,1235179,60.9,539480,26.6,106829,6,50.6,77835,4.5
48031,Texas,Blanco,35,33,36,3.8,4.4,8.2,27,34,1937,22,5,42,2386:1,4,33,3067:1,4,33,3067:1,8171,8919,92,1288,2290,56,251,6573,3.8,122750,28287,4.3,430,2079,21,12,10.1,13,9,4,1,1500,13,100,1,10,10,11,35,1500,22,66383,54886,77880,79500,,,72727,70966,3643,78,375,8,12269,17.2,26.2,145,1.2,158,1.3,107,0.9,12,0.1,2492,20.3,9317,75.9,174,2,50.0,10497,100.0
48033,Texas,Borden,32,31,34,3.2,4.0,6.8,22,1,60,12,0,0,654:0,0,0,706:0,0,0,706:0,405,434,93,115,144,80,14,430,3.3,136938,38000,3.6,16,213,8,0,0.0,5,2,2,2,80,13,97,15,9,8,10,33,45,13,69499,56489,82509,,,,66250,83750,155,70,,,706,20.3,25.8,6,0.8,5,0.7,1,0.1,0,0.0,125,17.7,561,79.5,10,2,47.7,641,100.0
48035,Texas,Bosque,36,34,37,4.3,4.8,6.6,31,24,3173,23,10,54,1869:1,7,38,2658:1,4,22,4651:1,11689,13234,88,2036,3670,55,454,8330,5.5,106042,26847,3.9,766,3892,20,28,15.0,13,9,4,1,3010,17,1774,10,12,11,12,36,2576,26,58056,51310,64802,,,35568,49984,58546,5524,76,543,8,18603,20.7,25.6,327,1.8,177,1.0,126,0.7,13,0.1,3596,19.3,14245,76.6,390,2,50.9,14791,81.2
48037,Texas,Bowie,37,36,39,4.3,4.9,6.7,31,38,12418,17,67,72,1392:1,55,59,1700:1,101,108,926:1,56896,63575,89,13638,24865,55,2864,38755,7.4,104363,18727,5.6,8398,22137,38,120,12.9,16,12,3,1,15100,16,8785,9,12,12,13,39,10551,21,50326,43162,57490,71786,96392,33926,64375,57457,21929,64,3856,12,93481,23.5,17.3,23507,25.1,1035,1.1,1193,1.3,107,0.1,7547,8.1,58566,62.7,946,1,49.8,32791,35.4
48039,Texas,Brazoria,39,37,40,3.6,4.0,8.0,29,79,52277,16,240,64,1559:1,209,55,1821:1,306,80,1244:1,214038,240923,89,71432,105953,67,15267,177709,8.6,153477,36375,4.2,18148,96666,19,244,6.5,13,9,4,1,41090,11,20853,7,12,11,13,37,42806,19,83576,78214,88938,56390,98348,90435,73743,86236,91024,73,11556,10,380518,25.9,12.5,56616,14.9,3366,0.9,27441,7.2,400,0.1,121130,31.8,168420,44.3,11027,3,49.5,70552,22.5
48041,Texas,Brazos,34,33,35,4.1,4.4,6.6,28,89,33871,18,195,85,1175:1,127,55,1831:1,264,114,881:1,107359,121611,88,43939,61535,71,6233,116599,5.3,110939,18366,6.0,13928,46475,30,181,7.9,25,22,3,1,34500,16,24093,12,13,12,13,35,28997,20,53570,47492,59648,78409,49107,35710,41670,59400,38290,47,17693,23,232555,20.6,9.9,25085,10.8,1626,0.7,14200,6.1,282,0.1,61658,26.5,127386,54.8,8255,4,49.7,23506,12.1
48043,Texas,Brewster,36,34,37,3.8,4.0,6.2,29,64,1462,21,8,87,1150:1,3,32,3079:1,12,130,770:1,5818,6850,85,1524,2393,64,272,4083,6.7,94835,15127,6.3,226,1772,13,13,14.1,17,11,3,4,1440,16,1507,16,12,11,13,35,1232,23,48537,39271,57803,,39600,,42198,47321,2507,58,660,17,9237,18.4,24.1,136,1.5,169,1.8,172,1.9,13,0.1,4156,45.0,4602,49.8,266,3,48.9,3219,34.9
48045,Texas,Briscoe,40,38,41,4.7,4.9,2.9,34,29,274,24,1,65,1546:1,0,0,1487:0,,,,869,1017,85,144,322,45,27,567,4.8,90583,18644,4.9,35,225,16,3,19.4,8,5,2,1,230,16,793,48,13,12,14,37,213,25,50062,40791,59333,,,,34583,49722,420,71,83,15,1487,20.7,26.0,52,3.5,13,0.9,4,0.3,0,0.0,373,25.1,1017,68.4,57,4,49.8,1637,100.0
48047,Texas,Brooks,44,42,46,5.5,4.8,5.5,44,35,1048,19,,,,1,14,6964:1,2,29,3482:1,2991,4460,67,726,1809,40,278,2601,10.7,65132,7572,8.6,689,1662,41,4,5.6,25,17,6,2,1570,22,733,10,20,18,21,38,897,24,33513,27166,39860,,,,24023,30164,1487,60,313,15,6964,27.8,18.6,44,0.6,54,0.8,84,1.2,3,0.0,6343,91.1,471,6.8,563,8,49.0,2294,31.8
48049,Texas,Brown,36,35,37,4.2,4.7,6.6,30,49,5812,20,22,58,1721:1,16,43,2352:1,71,189,530:1,22773,26168,87,4705,8826,53,992,15245,6.5,97711,22139,4.4,1941,8082,24,65,17.2,11,9,2,1,5670,15,5062,13,12,11,12,36,4805,23,48752,42609,54895,,,,40837,51050,10449,71,1206,9,37633,20.9,21.0,1377,3.7,382,1.0,291,0.8,32,0.1,8691,23.1,26572,70.6,682,2,50.5,15395,40.4
48051,Texas,Burleson,36,35,37,4.2,4.6,7.6,31,38,2943,20,8,43,2305:1,1,5,18514:1,1,5,18514:1,10672,12685,84,1984,3845,52,519,8180,6.3,115686,30251,3.8,538,4002,13,20,10.8,13,8,5,1,2470,14,923,5,12,11,12,37,2376,23,64836,57552,72120,,,30750,52813,71776,5386,78,516,8,18514,21.6,21.7,2213,12.0,217,1.2,99,0.5,7,0.0,3957,21.4,11911,64.3,599,3,50.6,13175,76.7
48053,Texas,Burnet,37,35,38,3.9,4.4,7.5,29,51,7566,21,19,39,2534:1,23,46,2159:1,35,70,1419:1,29779,33684,88,4914,10041,49,1119,23686,4.7,116108,32076,3.6,1733,9980,17,58,12.0,14,9,3,3,6430,14,2905,7,11,10,11,35,6204,24,63813,53386,74240,53365,,50492,47979,62810,13704,79,1620,10,49653,20.7,23.3,840,1.7,635,1.3,482,1.0,46,0.1,11148,22.5,36366,73.2,1189,3,51.1,23800,55.7
48055,Texas,Caldwell,39,37,40,4.6,4.6,7.3,36,45,9102,26,12,27,3639:1,13,30,3383:1,35,80,1257:1,22023,27627,80,4557,10967,42,1226,19322,6.3,105089,25485,4.1,2340,9778,24,39,8.9,20,13,7,1,6230,15,2620,7,15,14,15,37,7718,30,66128,58953,73303,,,50718,58709,61949,9474,69,1701,13,43979,22.8,15.2,2446,5.6,759,1.7,471,1.1,49,0.1,23970,54.5,16539,37.6,2399,6,49.3,16099,42.3
48057,Texas,Calhoun,40,38,41,4.4,4.4,5.3,36,54,3480,20,11,52,1935:1,10,48,2100:1,5,24,4200:1,11598,14334,81,2532,5093,50,699,11995,5.8,104148,28480,3.7,1267,5197,24,21,9.9,18,8,8,2,3050,14,6054,28,14,13,15,37,2807,23,58470,48317,68623,,104583,,48172,63318,5917,74,424,6,21001,23.8,18.9,485,2.3,182,0.9,1165,5.5,13,0.1,10451,49.8,8682,41.3,1133,6,48.7,9564,44.7
48059,Texas,Callahan,36,35,38,4.1,4.8,7.0,28,42,2016,18,1,7,13943:1,4,28,3528:1,2,14,7055:1,8839,9976,89,1810,3176,57,325,5979,5.4,95485,24310,3.9,639,3062,21,15,10.8,13,10,2,1,2080,15,1222,9,10,10,11,36,1677,21,54862,46487,63237,,,35396,43077,52321,4481,83,315,6,14110,21.2,21.8,209,1.5,127,0.9,98,0.7,13,0.1,1422,10.1,12060,85.5,127,1,50.7,9776,72.2
48061,Texas,Cameron,42,41,44,5.2,4.6,5.6,38,66,109621,31,210,50,2015:1,137,32,3096:1,301,71,1409:1,170501,248705,69,50350,103368,49,17219,169074,10.2,85416,16089,5.3,43250,127450,34,209,4.9,23,14,11,1,73730,18,72825,18,18,17,20,39,93505,40,44440,41059,47821,29192,89886,50337,39019,57232,84054,66,16766,14,424180,29.5,14.2,1735,0.4,2865,0.7,3408,0.8,326,0.1,382150,90.1,35937,8.5,62153,16,51.1,34207,8.4
48063,Texas,Camp,39,38,40,4.3,4.7,7.2,32,35,2279,22,11,84,1190:1,5,38,2612:1,5,38,2612:1,7409,8446,88,1741,2862,61,369,5008,7.4,91130,16267,5.6,1014,3395,30,12,9.2,18,13,5,2,2080,16,613,5,13,12,13,38,1813,25,43130,35970,50290,,,26250,59750,55084,3208,72,637,15,13060,26.0,19.6,2013,15.4,131,1.0,160,1.2,22,0.2,3447,26.4,7140,54.7,479,4,51.5,7624,61.5
48065,Texas,Carson,34,32,36,3.7,4.5,7.9,26,59,721,15,,,,1,17,5854:1,1,17,5854:1,3880,4120,94,1051,1399,75,122,2930,4.2,131453,31827,4.1,267,1388,19,11,18.6,4,4,0,1,730,12,326,5,9,9,10,34,539,16,66597,55750,77444,,,,72659,76166,1964,84,75,3,5854,23.0,20.9,64,1.1,102,1.7,37,0.6,4,0.1,603,10.3,4967,84.8,24,0,50.1,5885,95.2
48067,Texas,Cass,37,35,38,4.7,5.3,6.7,32,27,3849,17,7,23,4289:1,9,30,3320:1,10,33,2988:1,18216,20960,87,2883,6164,47,970,12269,7.9,91435,19780,4.6,1885,6707,28,57,19.0,13,9,4,1,5270,18,2282,7,12,11,13,38,3206,19,50595,45480,55710,,,29076,,51368,9534,80,1016,9,29879,22.2,23.2,4924,16.5,242,0.8,177,0.6,17,0.1,1534,5.1,22666,75.9,122,0,51.6,22547,74.0
48069,Texas,Castro,39,38,40,4.3,4.3,8.1,35,45,1816,29,1,13,7530:1,,,,1,14,7396:1,3517,4663,75,880,1861,47,120,3320,3.6,92103,22378,4.1,473,2190,22,7,9.3,11,6,5,1,900,12,361,4,14,13,15,37,1405,34,55139,45414,64864,,50000,,44515,64394,1494,58,250,11,7396,28.6,17.4,136,1.8,169,2.3,57,0.8,1,0.0,4846,65.5,2280,30.8,623,9,48.6,3689,45.8
48071,Texas,Chambers,37,35,38,3.9,4.4,7.9,29,65,6126,16,5,11,8767:1,2,4,22795:1,11,24,4145:1,24212,26978,90,8468,11606,73,1892,19836,9.5,170787,29365,5.8,1811,12009,15,21,4.8,15,12,2,1,5300,13,1451,4,11,10,12,37,4683,18,89991,74866,105116,,,62730,60789,102178,12245,86,1786,13,45590,28.2,11.8,3490,7.7,492,1.1,648,1.4,64,0.1,11393,25.0,29419,64.5,944,2,49.6,16046,45.7
48073,Texas,Cherokee,37,36,39,4.7,4.9,6.6,35,54,9042,22,22,42,2393:1,17,32,3110:1,51,96,1037:1,27707,34260,81,5638,12436,45,1679,21303,7.9,103155,22990,4.5,3396,13246,26,46,8.7,17,10,7,1,7840,15,6499,13,13,13,14,39,7329,27,45894,39436,52352,,46464,31203,45156,57159,13345,72,1658,10,52875,25.2,18.1,7303,13.8,910,1.7,326,0.6,44,0.1,12710,24.0,31569,59.7,2440,5,48.9,32057,63.0
48075,Texas,Childress,38,37,39,4.5,4.5,5.8,33,73,1027,23,10,137,731:1,3,42,2381:1,7,98,1020:1,4417,5246,84,1285,2806,46,114,3054,3.7,96469,23930,4.0,494,1348,37,8,10.9,11,11,0,0,1170,16,1334,19,13,12,14,38,823,27,45473,37906,53040,,,,31131,52296,1365,59,276,13,7143,18.5,15.7,746,10.4,72,1.0,58,0.8,4,0.1,2251,31.5,3947,55.3,147,2,39.0,2334,33.1
48077,Texas,Clay,34,32,35,4.0,4.8,5.8,27,9,1498,19,4,38,2618:1,,,,1,9,10550:1,6935,7626,91,1346,2198,61,265,4793,5.5,113730,24436,4.7,501,2104,24,13,12.4,11,8,3,0,1610,16,2212,21,10,9,10,36,1208,20,62763,52672,72854,,,,,,3385,81,346,9,10550,19.4,24.1,94,0.9,145,1.4,80,0.8,1,0.0,723,6.9,9351,88.6,154,2,50.0,8021,74.6
48079,Texas,Cochran,42,41,43,5.3,4.9,6.6,41,1,663,29,2,70,1427:1,0,0,2897:0,,,,1319,1880,70,287,764,38,79,1114,7.1,88900,13985,6.4,143,741,19,4,14.0,13,5,6,4,490,17,288,9,17,16,18,38,528,33,44584,36493,52675,,,9929,42656,46875,738,72,84,9,2897,26.9,16.3,92,3.2,92,3.2,19,0.7,7,0.2,1759,60.7,986,34.0,300,11,49.6,3127,100.0
48081,Texas,Coke,36,35,38,4.3,4.7,4.2,31,33,470,19,,,,0,0,3323:0,,,,2062,2479,83,358,695,52,76,1374,5.5,91324,20179,4.5,188,661,28,5,14.8,9,7,2,1,510,16,1198,36,12,11,12,36,358,21,51050,42281,59819,,,,39091,46995,1085,67,33,2,3323,20.6,26.3,25,0.8,90,2.7,5,0.2,1,0.0,763,23.0,2442,73.5,60,2,50.7,3320,100.0
48083,Texas,Coleman,36,35,38,4.2,4.7,6.7,30,61,1541,26,5,61,1635:1,2,25,4050:1,1,12,8100:1,5211,6026,86,700,1631,43,213,2886,7.4,85763,21319,4.0,219,1796,12,19,23.2,11,10,1,1,1340,16,908,10,11,11,12,37,1250,28,43623,36496,50750,,,47188,53800,46286,2623,75,297,9,8100,20.6,26.3,211,2.6,106,1.3,93,1.1,3,0.0,1490,18.4,6153,76.0,208,3,49.8,4585,51.5
48085,Texas,Collin,30,29,31,3.0,3.7,8.4,23,94,114952,12,1044,101,991:1,729,68,1471:1,1474,137,727:1,621900,662273,94,234605,288629,81,36006,570623,6.3,181444,45985,3.9,41029,261112,16,678,6.6,13,11,2,1,107700,11,22214,3,9,9,10,35,93122,14,101560,97271,105849,100366,120842,72263,71944,106816,229049,65,39260,11,1072069,25.3,11.4,115591,10.8,7576,0.7,183227,17.1,1125,0.1,167450,15.6,576599,53.8,36286,4,50.7,41016,5.2
48087,Texas,Collingsworth,38,37,40,4.6,4.8,7.6,34,82,751,32,1,34,2920:1,0,0,2877:0,1,35,2877:1,1437,1909,75,359,662,54,46,1081,4.3,83250,14621,5.7,191,747,26,4,13.7,15,12,4,1,460,15,87,3,13,12,14,37,589,36,47885,40886,54884,,,,41458,60972,773,75,87,9,2877,25.9,19.4,147,5.1,89,3.1,15,0.5,0,0.0,997,34.7,1643,57.1,120,4,51.3,3057,100.0
48089,Texas,Colorado,37,36,38,4.2,4.5,7.8,32,59,4092,25,10,47,2149:1,5,23,4322:1,5,23,4322:1,12131,14387,84,2184,4329,50,538,9693,5.6,107279,23231,4.6,1024,5030,20,27,12.6,11,4,7,1,2480,12,1521,7,12,12,13,37,3228,28,52726,44428,61024,,14118,32348,43799,60122,6222,84,350,5,21610,23.5,22.7,2497,11.6,242,1.1,161,0.7,16,0.1,6751,31.2,11876,55.0,869,4,50.0,13070,62.6
48091,Texas,Comal,33,32,34,3.4,4.0,8.0,26,86,19100,15,104,67,1502:1,114,69,1446:1,243,147,678:1,97394,103971,94,23816,34960,68,4639,74950,6.2,154131,36791,4.2,5123,33533,15,156,10.0,13,10,2,2,17230,12,4851,4,10,9,11,33,15158,16,79290,68381,90199,88750,88919,94250,57375,86163,40865,75,6063,11,164812,22.2,18.7,4229,2.6,1427,0.9,2391,1.5,215,0.1,46725,28.4,108703,66.0,2547,2,50.6,50055,46.1
48093,Texas,Comanche,36,34,37,4.0,4.5,7.3,30,,2462,24,7,51,1948:1,4,29,3438:1,6,44,2292:1,8321,9707,86,1440,2978,48,309,5618,5.5,95939,21292,4.5,672,3026,22,13,9.5,12,8,3,2,1910,14,1109,8,11,11,12,36,1969,27,47282,38627,55937,73713,53625,,57227,53204,4446,82,346,7,13750,22.3,24.1,65,0.5,190,1.4,86,0.6,6,0.0,3975,28.9,9402,68.4,311,2,49.9,9986,71.5
48095,Texas,Concho,37,36,39,4.6,4.6,7.1,35,70,442,22,1,37,2726:1,1,35,2827:1,1,35,2827:1,1653,2389,69,216,805,27,59,1320,4.5,102250,23800,4.3,167,529,32,0,0.0,13,9,0,4,420,13,492,12,13,13,14,37,366,24,47412,38697,56127,,,,,,713,81,62,8,2827,18.0,27.0,40,1.4,31,1.1,57,2.0,1,0.0,976,34.5,1704,60.3,501,17,46.0,4087,100.0
48097,Texas,Cooke,36,34,37,4.1,4.7,7.7,29,42,7232,22,12,29,3438:1,17,41,2435:1,25,60,1656:1,24019,27484,87,5278,9392,56,1369,19370,7.1,120960,30338,4.0,2195,9490,23,40,9.7,12,7,4,1,5880,15,1040,3,11,10,11,36,5830,25,66323,56945,75701,,35239,,47237,66906,10869,70,1056,7,41393,23.5,19.2,1348,3.3,645,1.6,438,1.1,25,0.1,7819,18.9,30788,74.4,1318,3,50.4,22691,59.0
48099,Texas,Coryell,39,38,40,4.3,4.8,5.1,31,61,8941,16,14,18,5425:1,25,33,3069:1,46,60,1668:1,42492,47848,89,15731,25070,63,1573,23974,6.6,98991,26324,3.8,3908,17163,23,52,6.8,13,10,2,0,12230,16,19277,26,12,12,13,40,7566,19,58398,53874,62922,67232,57659,53068,45276,56544,13590,61,2066,10,76737,22.3,10.8,12730,16.6,938,1.2,1799,2.3,737,1.0,15024,19.6,43493,56.7,858,1,50.0,14643,19.4
48101,Texas,Cottle,40,39,42,5.2,5.2,0.6,37,83,226,22,0,0,1398:0,0,0,1363:0,,,,864,1066,81,223,378,59,28,570,4.9,77167,15041,5.1,160,460,35,3,21.5,9,7,4,0,380,23,856,57,15,14,16,39,178,24,44430,36342,52518,,,,,,438,62,44,7,1363,21.8,25.8,133,9.8,7,0.5,2,0.1,1,0.1,344,25.2,859,63.0,17,1,51.6,1505,100.0
48103,Texas,Crane,38,36,40,4.1,4.2,8.9,34,92,850,20,1,21,4797:1,1,21,4765:1,,,,2195,2856,77,499,1258,40,221,1624,13.6,113617,22051,5.2,169,1483,11,5,10.4,14,6,6,2,400,8,171,4,14,13,15,36,640,23,67547,54568,80526,,,,52500,72708,1329,89,81,6,4765,28.6,12.4,125,2.6,84,1.8,55,1.2,13,0.3,3147,66.0,1387,29.1,430,10,49.4,468,10.7
48105,Texas,Crockett,38,37,40,4.1,4.2,8.2,34,91,593,21,1,29,3464:1,1,28,3513:1,,,,1943,2471,79,303,896,34,138,1559,8.9,81086,21368,3.8,206,792,26,5,14.4,14,9,6,0,430,12,84,2,14,13,15,36,468,24,54458,44423,64493,,,,42692,46970,923,66,149,12,3513,25.3,19.1,25,0.7,95,2.7,37,1.1,3,0.1,2346,66.8,1063,30.3,129,4,49.9,846,22.7
48107,Texas,Crosby,41,40,43,4.9,4.7,7.4,39,21,983,21,2,35,2869:1,,,,,,,2854,3746,76,616,1396,44,124,2389,5.2,81664,19207,4.3,528,1499,35,9,15.7,15,7,7,0,970,17,141,2,16,15,17,38,798,25,42804,35476,50132,,,35417,34836,56591,1530,73,145,7,5567,25.6,19.0,153,2.7,73,1.3,21,0.4,4,0.1,3167,56.9,2158,38.8,146,3,50.2,6059,100.0
48109,Texas,Culberson,44,42,45,5.5,4.9,6.7,44,93,405,24,1,46,2171:1,0,0,2149:0,,,,926,1416,65,258,513,50,75,1150,6.5,77545,16370,4.7,315,591,53,0,0.0,15,10,6,0,420,19,102,4,19,18,20,39,325,27,47479,38579,56379,,,,29315,55734,442,66,48,8,2149,22.8,21.4,27,1.3,55,2.6,48,2.2,1,0.0,1574,73.2,468,21.8,169,9,50.0,2398,100.0
48111,Texas,Dallam,37,36,39,4.3,4.5,6.6,33,80,2143,34,5,69,1457:1,2,27,3637:1,3,41,2424:1,3007,4415,68,1001,1871,54,105,3750,2.8,90400,30518,3.0,179,2358,8,10,13.7,10,7,3,2,940,13,1179,18,13,12,14,37,1535,38,55253,45957,64549,,,,39644,63565,1795,77,101,5,7273,32.7,12.0,141,1.9,173,2.4,109,1.5,10,0.1,3438,47.3,3501,48.1,961,15,47.6,1578,23.5
48113,Texas,Dallas,33,32,34,4.1,4.3,7.4,32,96,576926,25,1863,71,1415:1,2321,88,1136:1,4503,171,585:1,1355206,1686671,80,478977,794464,60,103841,1355033,7.7,123520,27949,4.4,211418,684220,31,1981,7.5,21,15,7,1,364840,14,171370,7,14,13,15,37,476402,29,65770,63881,67659,55615,85356,46623,52635,84062,476375,50,139445,15,2635888,25.6,11.4,601084,22.8,29349,1.1,182776,6.9,2906,0.1,1075954,40.8,734430,27.9,259163,11,50.7,16300,0.7
48115,Texas,Dawson,43,41,44,5.2,4.8,5.4,40,61,2193,23,5,39,2546:1,6,46,2162:1,1,8,12974:1,5796,8098,72,1388,3537,39,398,4558,8.7,92303,17050,5.4,1271,3318,38,19,14.9,16,11,3,2,2370,19,2599,19,17,16,18,39,1784,28,47233,38632,55834,57143,,19313,32952,52500,3102,70,555,13,12974,25.5,14.7,724,5.6,166,1.3,131,1.0,17,0.1,7605,58.6,4385,33.8,441,4,44.6,2254,16.3
48117,Texas,Deaf Smith,40,38,42,4.6,4.4,7.6,37,75,4144,26,2,11,9273:1,6,33,3046:1,1,5,18277:1,7967,10956,73,1980,4659,42,310,8567,3.6,97473,26807,3.6,1221,5789,21,18,9.7,13,8,4,2,2380,13,1440,7,15,14,16,36,3385,33,51412,42223,60601,,127727,56250,46206,61442,3962,65,449,8,18277,31.0,13.3,199,1.1,334,1.8,108,0.6,14,0.1,13751,75.2,4072,22.3,1685,10,50.0,3431,17.7
48119,Texas,Delta,36,35,38,4.2,4.9,7.1,29,59,778,19,1,19,5331:1,,,,3,56,1783:1,3151,3605,87,747,1081,69,133,2401,5.5,107295,20732,5.2,194,1220,16,5,9.4,14,12,2,0,950,18,104,2,11,10,12,37,625,21,50456,41584,59328,,,28036,91167,50112,1670,81,201,10,5349,23.1,21.6,359,6.7,136,2.5,35,0.7,3,0.1,474,8.9,4231,79.1,5,0,50.5,5231,100.0
48121,Texas,Denton,32,31,33,3.2,3.9,8.2,24,94,105507,13,479,54,1852:1,533,58,1725:1,1220,133,754:1,528191,569381,93,203087,260189,78,32666,503962,6.5,170790,41922,4.1,36980,211904,17,514,5.8,14,11,2,1,93820,11,31443,5,10,9,10,34,85040,15,90880,85615,96145,65871,119911,64692,69798,99573,196219,65,33142,11,919324,23.9,11.0,100574,10.9,7765,0.8,93060,10.1,1124,0.1,180550,19.6,521081,56.7,25198,3,50.8,45759,6.9
48123,Texas,DeWitt,38,36,39,4.5,4.6,7.7,35,72,2921,20,11,55,1833:1,5,25,4035:1,4,20,5044:1,11850,14309,83,2070,4854,43,558,9253,6.0,109548,19898,5.5,658,4541,14,34,16.9,13,9,5,1,3010,15,437,2,14,13,14,38,2324,23,53899,44592,63206,131477,,27500,55179,58042,4900,72,800,12,20174,22.5,20.3,1633,8.1,217,1.1,96,0.5,10,0.0,7325,36.3,10892,54.0,285,2,47.6,9973,49.6
48125,Texas,Dickens,39,38,40,4.6,4.6,6.7,34,64,299,22,1,45,2211:1,0,0,2140:0,1,47,2140:1,1301,1623,80,198,528,38,42,671,6.3,93250,14346,6.5,105,453,23,4,18.1,13,9,3,1,400,18,144,6,14,13,14,37,236,24,42034,34830,49238,,,,25833,49934,668,78,88,11,2140,17.1,24.2,96,4.5,49,2.3,28,1.3,2,0.1,660,30.8,1318,61.6,37,2,44.5,2444,100.0
48127,Texas,Dimmit,44,42,46,5.6,4.9,4.2,45,61,1676,20,4,40,2531:1,3,30,3308:1,4,40,2481:1,4377,6460,68,1269,2643,48,413,6487,6.4,83868,9970,8.4,1437,2911,49,7,6.9,19,11,8,1,2100,20,2666,27,20,18,21,38,1380,25,42788,34709,50867,,,,23455,53927,2227,70,589,20,9925,28.1,17.5,115,1.2,98,1.0,79,0.8,2,0.0,8730,88.0,981,9.9,636,7,51.3,3946,39.5
48129,Texas,Donley,36,35,38,4.3,4.9,7.2,30,74,476,21,,,,1,30,3308:1,,,,1974,2206,89,364,646,56,63,1423,4.4,94654,23986,3.9,215,667,32,6,18.3,13,11,2,0,520,16,203,6,11,11,12,37,376,23,57526,52697,62355,,,29643,44250,55061,980,73,142,11,3308,19.9,24.7,202,6.1,38,1.1,23,0.7,2,0.1,387,11.7,2602,78.7,24,1,51.5,3677,100.0
48131,Texas,Duval,43,41,44,4.9,4.5,6.1,40,,1857,22,,,,,,,1,9,11058:1,5027,7136,70,1258,2669,47,589,4864,12.1,87013,16871,5.2,1023,2871,36,4,3.6,20,8,7,5,1930,17,1639,14,18,17,19,38,1544,27,40601,33481,47721,,,,41702,58953,2359,69,206,7,11058,26.0,18.1,117,1.1,114,1.0,56,0.5,13,0.1,9869,89.2,975,8.8,591,6,48.6,7899,67.0
48133,Texas,Eastland,37,36,39,4.6,5.0,6.3,32,45,3274,24,5,27,3672:1,5,27,3678:1,7,38,2627:1,10697,12555,85,2360,3947,60,497,7390,6.7,86924,16186,5.4,615,3846,16,25,13.6,9,6,2,1,3260,18,2023,11,12,11,13,37,2710,28,50317,41888,58746,,,,34792,42150,5388,77,591,9,18388,21.1,22.5,365,2.0,240,1.3,138,0.8,16,0.1,3195,17.4,14329,77.9,527,3,50.0,11214,60.3
48135,Texas,Ector,38,37,40,4.2,4.3,7.9,35,77,32601,22,99,60,1679:1,73,44,2297:1,77,46,2178:1,74089,96782,77,25164,48308,52,9116,82852,11.0,123122,26767,4.6,13187,49059,27,124,7.5,16,10,5,2,18420,12,9847,7,14,13,15,37,25125,26,62669,53537,71801,60238,92727,47329,58139,73010,35106,65,6105,12,167701,30.5,9.7,7626,4.5,2559,1.5,2292,1.4,497,0.3,106292,63.4,49284,29.4,10228,7,48.9,12966,9.5
48137,Texas,Edwards,40,39,41,4.7,4.5,7.2,37,1,350,26,1,52,1932:1,0,0,1923:0,1,52,1923:1,1000,1301,77,203,398,51,44,1251,3.5,74556,21870,3.4,147,414,36,3,15.5,15,9,4,4,250,13,219,11,15,14,16,37,275,29,45330,36786,53874,,,,40675,40179,581,74,48,6,1923,22.3,29.3,9,0.5,51,2.7,19,1.0,0,0.0,1059,55.1,820,42.6,33,2,47.3,2002,100.0
48139,Texas,Ellis,36,35,37,3.8,4.3,7.9,28,67,30187,19,76,41,2432:1,65,34,2950:1,147,77,1304:1,100273,115775,87,29402,46934,63,5641,93578,6.0,138469,36427,3.8,8759,47736,18,158,8.5,13,10,4,1,20050,12,10974,7,11,10,11,35,24215,22,79849,75083,84615,68750,97917,65120,66622,88567,44454,75,5653,10,191760,26.4,13.3,24068,12.6,1691,0.9,1781,0.9,244,0.1,52482,27.4,109848,57.3,5884,4,50.6,47838,32.0
48141,Texas,El Paso,34,33,36,4.4,4.2,7.1,30,80,173169,24,419,50,2003:1,405,48,2077:1,909,108,926:1,405954,514164,79,154825,230108,67,30094,364085,8.3,96802,19350,5.0,68601,227046,30,421,5.0,18,13,5,1,121760,15,73081,9,15,14,16,37,148718,30,48522,45915,51129,45208,58581,54656,44100,66229,170433,62,36665,14,841286,26.5,12.8,26724,3.2,9160,1.1,11972,1.4,1957,0.2,696240,82.8,97545,11.6,106444,14,50.5,17409,2.2
48143,Texas,Erath,37,36,39,4.1,4.6,6.2,29,63,7823,24,24,56,1779:1,24,56,1801:1,46,106,940:1,21413,24555,87,6262,9627,65,1150,20013,5.7,111390,22474,5.0,1653,8677,19,47,11.0,19,16,3,1,6200,15,6864,18,11,11,12,36,6454,26,61453,53860,69046,,74063,,47057,56863,9261,65,2035,15,43224,20.9,14.8,785,1.8,607,1.4,498,1.2,53,0.1,9442,21.8,31730,73.4,1236,3,51.1,17551,46.3
48145,Texas,Falls,41,40,42,5.0,5.2,6.6,37,39,2573,21,2,12,8649:1,5,29,3455:1,3,17,5758:1,9447,12198,77,2002,4165,48,390,6531,6.0,84394,13825,6.1,902,3665,25,23,13.3,18,13,6,2,3310,19,919,5,15,14,15,39,2129,25,44590,36720,52460,,,23150,30372,50049,4197,76,707,14,17275,21.1,18.8,3959,22.9,203,1.2,104,0.6,41,0.2,4283,24.8,8630,50.0,409,3,52.6,12034,67.4
48147,Texas,Fannin,36,34,37,4.2,4.8,6.7,29,28,5675,21,7,20,5073:1,9,25,3990:1,36,100,998:1,21052,24604,86,4098,8639,47,788,16772,4.7,115224,24221,4.8,1226,7417,17,39,11.0,12,9,3,2,5100,15,4408,13,11,10,12,37,4653,24,59746,51740,67752,72344,63264,24643,49196,60773,9205,74,1186,10,35913,21.2,18.7,2219,6.2,459,1.3,287,0.8,29,0.1,4430,12.3,27974,77.9,492,1,46.9,23920,70.5
48149,Texas,Fayette,37,36,39,4.1,4.6,7.7,30,55,4008,22,8,32,3168:1,14,55,1825:1,7,27,3650:1,16458,18468,89,2467,5046,49,555,11793,4.7,109719,25094,4.4,740,5083,15,50,19.7,11,8,2,1,3350,13,1374,6,11,10,12,36,3175,23,63713,55201,72225,,223450,13382,56600,65110,7537,83,762,9,25547,20.2,26.8,1485,5.8,327,1.3,119,0.5,19,0.1,5624,22.0,18023,70.5,478,2,50.9,16485,67.1
48151,Texas,Fisher,38,36,39,4.2,4.6,7.4,31,,555,19,1,26,3830:1,1,26,3784:1,,,,2430,2732,89,575,865,66,72,1605,4.5,104111,23931,4.4,188,820,23,8,20.9,9,5,2,2,600,16,146,4,12,12,13,36,422,21,52828,47812,57844,22778,,,41371,55505,1263,75,78,5,3784,21.4,24.7,136,3.6,45,1.2,20,0.5,0,0.0,1113,29.4,2454,64.9,54,2,49.9,3974,100.0
48153,Texas,Floyd,39,38,40,4.5,4.4,7.9,36,75,1191,26,3,53,1904:1,1,18,5672:1,,,,2843,3783,75,707,1391,51,155,2516,6.2,93014,20651,4.5,370,1554,24,11,19.3,15,8,7,2,760,13,289,4,14,13,15,37,967,31,44256,36258,52254,,,,44715,66172,1631,75,97,5,5672,25.8,20.0,177,3.1,85,1.5,28,0.5,3,0.1,3348,59.0,2068,36.5,267,5,49.8,3437,53.3
48155,Texas,Foard,37,36,39,4.4,4.9,3.9,31,0,191,23,0,0,1155:0,0,0,1135:0,,,,719,885,81,83,155,54,24,576,4.2,90611,20929,4.3,38,215,18,0,0.0,7,3,1,3,180,14,552,41,12,11,13,37,148,24,40955,33319,48591,,,,,,420,83,29,6,1135,18.8,27.8,59,5.2,8,0.7,12,1.1,0,0.0,207,18.2,843,74.3,17,1,53.0,1336,100.0
48157,Texas,Fort Bend,30,29,31,3.1,3.6,8.4,26,90,107300,15,688,85,1180:1,466,55,1802:1,695,83,1208:1,461452,508472,91,165976,216616,77,30538,394948,7.7,179564,45085,4.0,36833,217180,17,379,4.7,14,11,3,1,72370,10,34618,6,11,11,12,35,86838,18,97210,88038,106382,128042,120642,80267,75207,119337,192555,78,27858,11,839706,27.1,12.0,173816,20.7,5167,0.6,180564,21.5,838,0.1,210223,25.0,259942,31.0,37367,5,51.0,32405,5.5
48159,Texas,Franklin,33,32,35,3.7,4.4,6.0,26,20,1434,17,3,28,3575:1,4,37,2705:1,4,37,2705:1,6719,7419,91,1611,2313,70,257,4827,5.3,124489,31696,3.9,244,2569,9,13,12.1,14,10,3,2,1520,14,2204,21,10,9,11,35,1105,19,58927,54672,63182,,,,58577,60725,3285,83,233,6,10821,23.0,22.1,425,3.9,132,1.2,112,1.0,8,0.1,1700,15.7,8350,77.2,223,2,50.3,7331,69.1
48161,Texas,Freestone,38,37,40,4.6,4.9,6.6,33,29,2962,21,6,30,3286:1,6,30,3312:1,3,15,6625:1,11360,13894,82,2815,5129,55,528,6348,8.3,113428,20667,5.5,986,4469,22,22,11.2,13,9,3,2,3430,17,1727,9,13,12,13,38,2355,24,54502,45454,63550,,,32321,52794,62851,5208,77,608,10,19874,22.6,20.8,2959,14.9,283,1.4,187,0.9,13,0.1,3286,16.5,13154,66.2,431,2,47.9,13173,66.5
48163,Texas,Frio,42,40,43,4.9,4.4,6.7,40,86,3265,23,4,20,5077:1,5,25,4076:1,5,25,4076:1,8124,12515,65,1959,6243,31,541,9537,5.7,97353,15207,6.4,1661,4037,41,11,5.4,16,9,8,0,3000,15,2007,12,17,16,18,38,2724,28,47007,39710,54304,,52757,,47821,63056,3123,67,395,10,20379,22.7,12.4,641,3.1,218,1.1,569,2.8,5,0.0,16356,80.3,2743,13.5,2354,13,40.4,3819,22.2
48165,Texas,Gaines,38,37,39,4.7,4.8,8.2,36,45,6949,36,2,9,10746:1,2,9,10998:1,2,9,10998:1,7003,11335,62,1491,5246,28,543,9720,5.6,123952,22966,5.4,1253,7539,17,28,13.0,14,8,6,1,2720,13,241,1,14,13,15,37,4764,40,63528,52540,74516,,,,44974,70897,4248,72,407,8,21996,36.4,8.8,352,1.6,240,1.1,112,0.5,8,0.0,9451,43.0,11880,54.0,1473,8,49.3,11049,63.0
48167,Texas,Galveston,34,33,35,3.8,4.3,7.2,30,87,49934,17,261,76,1311:1,166,48,2079:1,437,127,790:1,203368,227013,90,60393,89651,67,14390,164608,8.7,150999,28223,5.4,20524,81824,25,242,7.1,15,12,3,1,46810,14,25207,9,12,11,13,39,41033,20,78465,73106,83824,61927,100000,45831,60297,86165,84565,68,16457,13,345089,23.9,15.2,43482,12.6,2836,0.8,12205,3.5,340,0.1,88769,25.7,194110,56.2,10580,3,50.9,17915,6.1
48169,Texas,Garza,40,38,42,4.8,4.4,7.3,38,,872,24,1,16,6229:1,2,32,3111:1,,,,2870,4417,65,335,1786,19,137,2020,6.8,91313,16767,5.4,62,782,8,7,11.2,8,5,4,0,940,16,340,5,15,14,16,37,736,27,50934,41780,60088,,,,37212,64611,1171,68,165,10,6222,16.2,11.9,408,6.6,68,1.1,41,0.7,9,0.1,3268,52.5,2420,38.9,1109,19,34.2,1443,22.3
48171,Texas,Gillespie,33,32,35,3.7,4.2,8.0,27,66,4544,24,33,122,818:1,20,74,1348:1,26,96,1037:1,17564,19583,90,2372,4966,48,635,13265,4.8,119352,27311,4.4,1362,5317,26,42,15.6,15,11,4,2,3500,13,778,3,10,10,11,34,3452,26,64365,57117,71613,61429,,,60446,61134,7722,71,1116,11,26960,19.6,30.2,106,0.4,315,1.2,153,0.6,35,0.1,6491,24.1,19904,73.8,1191,5,51.4,13326,53.7
48173,Texas,Glasscock,37,36,38,4.4,4.5,5.0,33,,230,19,0,0,1409:0,0,0,1439:0,,,,648,935,69,164,341,48,29,797,3.6,172500,22159,7.8,77,279,28,0,0.0,10,2,5,3,170,11,447,36,13,12,14,36,163,19,85001,69252,100750,,,,34688,126000,285,66,22,7,1439,24.9,15.8,26,1.8,7,0.5,2,0.1,2,0.1,563,39.1,840,58.4,218,16,44.6,1226,100.0
48175,Texas,Goliad,37,36,38,4.1,4.5,7.2,31,47,982,17,,,,4,52,1907:1,2,26,3813:1,4424,5378,82,986,1505,66,244,3161,7.7,120172,17548,6.8,191,1597,12,7,9.1,8,6,2,1,1020,14,711,10,12,12,13,37,774,18,54970,45051,64889,,,,30407,69635,2284,80,198,8,7626,20.2,24.2,300,3.9,94,1.2,50,0.7,2,0.0,2746,36.0,4412,57.9,205,3,50.5,7210,100.0
48177,Texas,Gonzales,40,38,41,4.6,4.6,6.4,37,39,4266,25,8,38,2605:1,8,38,2619:1,8,38,2619:1,10250,13459,76,1573,4816,33,515,9561,5.4,106401,23132,4.6,1475,5621,26,25,12.0,17,7,10,2,2850,14,3462,17,14,14,15,38,3454,30,55363,47441,63285,,,38750,60424,59536,5230,70,550,8,20948,26.7,17.6,1236,5.9,364,1.7,127,0.6,33,0.2,10850,51.8,8518,40.7,1393,7,49.6,12930,65.3
48179,Texas,Gray,38,36,39,4.7,4.8,6.9,34,88,3922,24,10,46,2189:1,11,51,1969:1,5,23,4332:1,11652,14615,80,2706,5995,45,633,7783,8.1,104120,22397,4.6,1005,5593,18,33,15.1,14,10,3,2,3520,16,1914,8,13,13,14,38,3152,29,54141,46153,62129,29476,,35348,52821,58930,5684,72,716,10,21658,24.9,16.6,1096,5.1,380,1.8,169,0.8,2,0.0,6538,30.2,13345,61.6,981,5,46.0,4369,19.4
48181,Texas,Grayson,36,34,37,4.2,4.8,7.1,28,69,24027,22,62,46,2197:1,82,59,1687:1,196,142,706:1,80794,90127,90,18816,31620,60,3761,64214,5.9,107549,25847,4.2,7634,31659,24,146,10.7,14,11,3,1,20780,16,7128,6,11,10,12,36,19578,25,59554,55980,63128,48100,60391,33328,53190,61248,33648,68,5236,11,138318,23.6,18.4,8095,5.9,2614,1.9,2075,1.5,117,0.1,19853,14.4,102964,74.4,2189,2,51.3,52159,43.2
48183,Texas,Gregg,39,38,41,4.5,4.9,6.6,32,82,22634,22,107,86,1158:1,122,98,1018:1,227,183,547:1,67844,80195,85,18164,31964,57,4682,56565,8.3,103887,23371,4.4,9310,31815,29,176,14.2,16,13,3,1,20510,17,12122,10,13,12,14,39,18509,26,51394,45632,57156,,56667,34415,44901,60716,27354,59,5740,13,124229,25.6,16.0,25366,20.4,1268,1.0,1736,1.4,131,0.1,24018,19.3,70383,56.7,4058,4,51.3,16266,13.4
48185,Texas,Grimes,38,37,39,4.6,4.8,6.7,34,39,4771,23,8,28,3610:1,6,20,4936:1,4,14,7404:1,15916,19591,81,3166,6828,46,891,11082,8.0,112426,24974,4.5,1860,6340,29,20,6.9,13,8,4,2,4210,15,3246,12,14,13,14,38,3783,25,57795,48478,67112,,,32093,51858,69167,6999,76,665,8,29614,21.9,18.6,4284,14.5,282,1.0,130,0.4,36,0.1,7246,24.5,17430,58.9,760,3,45.6,18331,68.9
48187,Texas,Guadalupe,37,35,38,3.7,4.1,7.5,28,69,22560,16,50,30,3337:1,64,38,2666:1,63,37,2708:1,95736,107800,89,25333,44201,57,4933,80610,6.1,133220,36609,3.6,9064,40761,22,84,5.0,12,9,3,1,17550,11,16284,12,12,11,12,37,18247,18,78909,70839,86979,50150,90448,72264,62945,82033,43073,77,4502,8,170608,24.5,14.6,13496,7.9,1750,1.0,3516,2.1,458,0.3,66177,38.8,83312,48.8,3616,2,50.5,34412,26.2
48189,Texas,Hale,39,37,41,4.4,4.4,7.3,35,73,6257,24,11,33,3037:1,6,18,5459:1,43,131,762:1,15423,20582,75,3961,8560,46,799,11826,6.8,87703,19784,4.4,2865,9060,32,49,14.7,17,10,6,2,4730,14,2955,8,14,13,15,36,5057,29,46589,38983,54195,,,,47500,50202,6890,63,1193,12,32754,26.6,13.9,1600,4.9,595,1.8,215,0.7,65,0.2,19976,61.0,10567,32.3,1940,6,47.9,8379,23.1
48191,Texas,Hall,42,40,43,5.1,5.0,5.8,38,29,668,30,,,,0,0,2939:0,,,,1687,2081,81,322,606,53,62,1076,5.8,82615,19333,4.3,214,681,31,3,10.1,12,8,3,1,580,19,436,13,15,15,16,39,570,36,36654,30041,43267,,,20714,22344,45595,858,69,64,6,2939,21.0,25.3,239,8.1,41,1.4,14,0.5,3,0.1,1007,34.3,1639,55.8,145,5,50.3,3353,100.0
48193,Texas,Hamilton,36,35,38,4.4,4.9,6.3,31,26,1550,25,8,95,1058:1,5,58,1711:1,7,82,1222:1,5193,5962,87,830,1731,48,170,3759,4.5,96772,20799,4.7,383,1756,22,14,16.5,16,9,3,4,1430,17,1041,12,11,11,12,37,1210,27,52840,42997,62683,,,,32412,48139,2518,84,223,8,8557,21.3,25.7,69,0.8,168,2.0,74,0.9,6,0.1,1168,13.6,7125,83.3,250,3,50.3,5483,64.4
48195,Texas,Hansford,40,38,42,5.0,4.8,7.5,37,62,1348,30,3,56,1800:1,1,19,5279:1,2,38,2640:1,2393,3348,71,676,1326,51,87,2502,3.5,99417,25602,3.9,273,1607,17,9,16.7,12,7,5,0,840,15,204,4,15,14,16,37,971,33,61059,49786,72332,,,,31316,58571,1428,77,143,8,5279,29.3,15.6,38,0.7,100,1.9,25,0.5,3,0.1,2575,48.8,2573,48.7,573,11,49.4,2264,40.3
48197,Texas,Hardeman,38,37,40,4.6,4.9,6.8,33,5,801,27,5,127,787:1,4,100,1003:1,4,100,1003:1,2345,2879,81,485,929,52,75,1710,4.4,97860,20659,4.7,198,790,25,4,10.2,9,5,2,2,660,17,323,8,12,12,13,37,646,30,63479,58027,68931,53889,,21161,44545,51836,1159,69,81,5,4011,21.4,23.0,195,4.9,55,1.4,27,0.7,0,0.0,1009,25.2,2679,66.8,184,5,50.2,4139,100.0
48199,Texas,Hardin,36,34,37,4.1,4.9,6.9,30,52,7772,16,12,21,4800:1,18,31,3239:1,26,45,2243:1,34481,38859,89,8422,14577,58,2251,25019,9.0,120479,24159,5.0,3405,14120,24,70,12.2,12,9,2,2,8850,16,5032,9,10,10,11,37,6251,18,69151,58680,79622,,81154,42232,55432,62254,17197,81,1926,9,58305,24.4,17.5,3119,5.3,389,0.7,469,0.8,16,0.0,3764,6.5,49932,85.6,312,1,50.9,28163,51.5
48201,Texas,Harris,35,33,36,4.0,4.2,7.6,28,90,998337,24,2788,59,1691:1,3392,72,1397:1,6479,137,731:1,2451797,2995908,82,886923,1422725,62,204310,2292759,8.9,130585,26786,4.9,347248,1247584,28,2605,5.5,20,15,6,1,644710,14,236351,6,13,13,14,38,827542,28,61906,60349,63463,53354,80847,46702,51971,91233,897913,55,250687,16,4738253,26.3,11.2,901646,19.0,52703,1.1,353338,7.5,5552,0.1,2077130,43.8,1339331,28.3,477612,11,50.4,49653,1.2
48203,Texas,Harrison,37,35,38,4.4,4.9,7.3,31,58,10752,20,20,30,3328:1,17,26,3905:1,29,44,2289:1,38258,44280,86,9261,16148,57,2290,29133,7.9,100583,21897,4.6,5614,16608,34,70,10.5,14,11,4,1,10430,16,3174,5,12,12,13,38,8752,23,55198,48847,61549,109044,,31468,56292,63099,17460,73,2593,11,66386,24.7,18.0,13537,20.4,851,1.3,510,0.8,79,0.1,9250,13.9,41735,62.9,1236,2,51.1,36789,56.1
48205,Texas,Hartley,35,33,36,3.7,4.1,7.4,29,74,837,23,,,,,,,1,18,5443:1,3473,4127,84,783,2036,38,54,2633,2.1,116910,33920,3.4,187,1200,16,7,12.6,9,5,4,2,670,12,699,12,11,10,12,36,591,24,74686,60469,88903,,,,54135,55921,1104,65,159,10,5443,21.1,15.5,361,6.6,42,0.8,46,0.8,2,0.0,1508,27.7,3460,63.6,139,3,39.5,3471,57.3
48207,Texas,Haskell,40,39,42,5.2,5.2,6.1,38,54,1042,27,3,53,1886:1,2,35,2877:1,4,70,1439:1,2960,3993,74,596,1284,46,114,2653,4.3,89417,19241,4.6,317,1056,30,9,15.9,10,7,3,1,1040,18,675,11,15,14,15,37,889,30,44847,37582,52112,,,,31298,53655,1551,72,173,8,5754,17.3,22.9,228,4.0,64,1.1,53,0.9,0,0.0,1658,28.8,3685,64.0,322,6,47.2,2809,47.6
48209,Texas,Hays,33,32,35,3.7,4.1,8.3,26,79,32880,17,98,43,2349:1,93,39,2595:1,262,109,921:1,121470,134420,90,42096,61622,68,7665,121304,6.3,135737,30430,4.5,8654,51064,17,137,6.0,19,16,4,1,25610,12,3848,2,11,11,12,36,27114,19,77511,68874,86148,86755,62904,66767,57952,76869,47715,62,12350,17,241365,22.8,11.7,9465,3.9,3077,1.3,4492,1.9,359,0.1,97306,40.3,125603,52.0,7029,3,50.4,49822,31.7
48211,Texas,Hemphill,35,34,37,3.9,4.3,8.2,29,84,748,23,4,105,955:1,0,0,3777:0,1,26,3777:1,1980,2407,82,435,854,51,82,1850,4.4,122786,26197,4.7,141,1133,12,7,18.3,12,9,7,0,480,12,106,3,11,10,11,36,510,25,65718,53394,78042,,,,43148,67284,915,67,125,10,3777,30.1,16.0,14,0.4,59,1.6,55,1.5,6,0.2,1326,35.1,2327,61.6,303,8,50.2,1026,27.0
48213,Texas,Henderson,36,35,37,4.6,5.1,6.7,33,55,14596,23,25,30,3309:1,27,32,3103:1,50,60,1676:1,49227,57974,85,8905,17710,50,2377,37123,6.4,99194,20265,4.9,3771,17462,22,89,10.8,13,10,3,2,13820,17,6556,8,12,11,13,38,12311,27,52660,46102,59218,46121,59761,31422,43149,52379,24118,76,3521,12,83792,21.2,22.7,5103,6.1,822,1.0,572,0.7,84,0.1,11550,13.8,64734,77.3,1319,2,51.0,47206,60.1
48215,Texas,Hidalgo,48,47,50,5.2,4.6,5.3,37,62,248170,33,402,46,2161:1,247,28,3543:1,617,70,1418:1,325021,485614,67,114075,224771,51,41893,359969,11.6,91249,16349,5.6,87221,280703,31,301,3.5,25,14,12,2,153810,18,157181,20,18,17,19,35,209314,43,46653,43073,50233,53938,101100,50638,40330,51096,165793,68,33389,14,875200,31.8,11.6,3945,0.5,4988,0.6,9384,1.1,443,0.1,809704,92.5,51199,5.8,146279,19,50.9,39813,5.1
48217,Texas,Hill,37,35,38,4.3,4.7,7.7,31,46,6420,23,9,25,4072:1,12,32,3084:1,17,46,2177:1,20880,24717,84,4196,7861,53,1023,16294,6.3,103217,24106,4.3,1878,8338,23,40,10.9,16,9,5,2,5450,15,662,2,12,11,12,36,5343,27,56565,49289,63841,41118,49271,37833,50432,58566,9527,73,991,8,37006,23.0,21.0,2226,6.0,351,0.9,283,0.8,51,0.1,8011,21.6,25795,69.7,961,3,50.2,26761,76.3
48219,Texas,Hockley,39,37,40,4.5,4.6,6.5,35,60,4151,22,14,61,1644:1,10,44,2292:1,17,74,1348:1,10866,14374,76,2998,5839,51,845,10671,7.9,102362,20835,4.9,1146,6013,19,26,11.3,13,7,6,1,3320,14,3544,15,14,13,15,36,3375,26,55469,46361,64577,,,22257,41402,56882,5901,73,616,8,22921,25.9,15.2,802,3.5,314,1.4,110,0.5,18,0.1,11427,49.9,10317,45.0,989,5,50.4,9139,39.8
48221,Texas,Hood,35,34,37,3.8,4.5,7.7,26,73,8201,18,29,47,2126:1,36,57,1765:1,65,102,977:1,39512,43434,91,7159,12361,58,1833,27578,6.6,132948,28673,4.6,1804,12551,14,63,10.2,13,10,2,2,7860,14,2753,5,10,9,11,34,6595,20,85449,80961,89937,144095,,108013,54044,72509,18462,80,2223,10,63527,20.6,25.8,714,1.1,607,1.0,542,0.9,63,0.1,8286,13.0,52844,83.2,1189,2,51.2,16811,32.8
48223,Texas,Hopkins,37,36,39,4.3,4.8,6.9,32,40,7026,24,11,30,3371:1,10,27,3717:1,29,78,1282:1,20937,24671,85,4883,8533,57,895,17484,5.1,106127,25256,4.2,1890,8999,21,31,8.4,15,10,4,2,5640,16,3139,9,12,11,12,37,5779,27,53634,46155,61113,70284,67734,34801,44871,60446,9347,69,1412,11,37170,24.3,18.9,2568,6.9,385,1.0,284,0.8,53,0.1,6542,17.6,26988,72.6,868,3,50.9,20965,59.6
48225,Texas,Houston,41,39,42,5.0,5.1,6.0,36,54,3283,22,4,17,5742:1,5,22,4567:1,5,22,4567:1,13669,16834,81,2628,5593,47,529,10010,5.3,83154,18015,4.6,1552,4383,35,28,12.2,18,15,3,2,4110,18,3224,14,14,14,15,39,2720,25,45989,38744,53234,,,26504,31205,46828,5797,70,1000,13,22835,19.5,23.0,5581,24.4,167,0.7,171,0.7,2,0.0,2754,12.1,13972,61.2,288,1,46.5,17440,73.5
48227,Texas,Howard,39,38,41,4.5,4.5,6.6,35,79,5082,19,10,27,3666:1,18,49,2030:1,58,159,630:1,19842,24766,80,4707,10618,44,1093,13502,8.1,106546,24985,4.3,2508,7944,32,39,10.6,15,11,3,1,5620,16,4281,12,14,13,15,38,4157,22,58445,51408,65482,,,50938,48081,64950,7536,66,951,9,36540,21.5,13.1,2191,6.0,599,1.6,496,1.4,34,0.1,16093,44.0,17144,46.9,2294,7,42.6,7025,20.1
48229,Texas,Hudspeth,44,42,45,5.6,4.9,1.7,44,0,1266,32,,,,,,,,,,1761,3116,57,449,1447,31,149,1855,8.0,61971,10578,5.9,350,1115,31,0,0.0,20,12,6,6,770,17,2023,58,19,18,20,39,1046,35,40666,33349,47983,,,,30689,38073,828,73,156,16,4906,19.8,15.6,155,3.2,103,2.1,80,1.6,8,0.2,3783,77.1,832,17.0,1437,32,46.6,3476,100.0
48231,Texas,Hunt,36,35,38,4.4,4.8,6.8,30,59,15798,20,30,30,3286:1,33,33,3024:1,83,83,1202:1,54379,63553,86,12418,23092,54,2847,43506,6.5,110521,23938,4.6,5407,22898,24,109,11.1,17,13,5,1,15270,16,7259,8,12,11,12,38,13147,23,53760,47308,60212,,,24951,47356,64218,23357,70,4064,12,99807,23.7,16.4,7784,7.8,1333,1.3,1564,1.6,214,0.2,18319,18.4,69625,69.8,1969,2,50.7,48776,56.6
48233,Texas,Hutchinson,37,35,38,4.3,4.8,6.8,31,59,3472,20,6,29,3490:1,10,48,2068:1,2,10,10339:1,12023,13955,86,3146,5224,60,613,8539,7.2,108541,23822,4.6,1216,5303,23,30,14.3,10,7,3,1,3460,16,1950,9,12,11,12,37,2724,23,62536,52464,72608,,42500,83952,51111,59844,5658,80,498,7,20677,24.9,17.8,511,2.5,435,2.1,155,0.7,13,0.1,5022,24.3,14353,69.4,360,2,49.4,4998,22.6
48235,Texas,Irion,36,34,37,3.9,4.4,5.5,29,54,171,14,0,0,1536:0,0,0,1564:0,,,,1005,1068,94,243,308,79,45,752,6.0,106214,21868,4.9,84,351,24,4,26.0,21,15,4,6,230,14,422,26,11,11,12,36,128,15,73776,60214,87338,,,,72857,48250,525,83,85,14,1564,21.8,21.9,18,1.2,20,1.3,8,0.5,0,0.0,405,25.9,1093,69.9,0,0,48.8,1599,100.0
48237,Texas,Jack,38,37,40,4.6,4.9,6.2,33,52,1550,25,4,45,2234:1,,,,2,22,4528:1,5003,6166,81,1041,2426,43,238,3393,7.0,109026,19364,5.6,530,1854,29,9,10.1,12,7,3,1,1390,16,1431,16,12,11,13,37,1206,27,56028,46255,65801,,,11392,25238,60603,2455,77,250,8,9056,21.6,17.4,353,3.9,108,1.2,54,0.6,11,0.1,1586,17.5,6934,76.6,348,4,44.2,4813,53.2
48239,Texas,Jackson,38,37,39,4.1,4.5,7.4,31,51,2632,22,2,14,7380:1,5,34,2971:1,3,20,4951:1,8087,9931,81,1791,3538,51,422,7329,5.8,112269,25027,4.5,813,3780,22,19,12.9,16,10,5,1,2190,15,810,6,12,12,13,36,2036,25,56101,47806,64396,,,41175,52695,65276,3469,70,442,9,14854,25.4,19.1,899,6.1,137,0.9,169,1.1,5,0.0,5015,33.8,8556,57.6,345,2,50.3,8701,61.8
48241,Texas,Jasper,37,36,39,4.7,5.2,6.8,33,33,4859,18,12,34,2961:1,11,31,3216:1,17,48,2081:1,20693,24345,85,3138,7769,40,1443,12883,11.2,95075,19193,5.0,2724,8466,32,38,10.7,9,6,3,1,6340,18,2010,6,13,12,13,38,3921,20,51153,42604,59702,26250,,20746,31524,49693,10446,76,1036,8,35375,23.2,20.7,5619,15.9,289,0.8,221,0.6,29,0.1,2501,7.1,26330,74.4,317,1,50.5,27920,78.2
48243,Texas,Jeff Davis,36,34,37,4.0,4.2,8.1,30,43,373,27,1,44,2274:1,0,0,2220:0,4,180,555:1,1341,1661,81,167,267,63,50,975,5.1,81219,21234,3.8,0,280,0,7,30.8,8,5,1,2,220,10,189,8,12,11,13,34,356,27,55718,45279,66157,,,,,,830,84,119,13,2220,6.3,37.4,13,0.6,38,1.7,36,1.6,2,0.1,696,31.4,1410,63.5,52,2,49.7,2342,100.0
48245,Texas,Jefferson,41,40,42,4.3,4.6,6.8,34,61,42811,22,134,53,1877:1,158,63,1583:1,286,114,875:1,141274,168295,84,36674,69671,53,12570,105592,11.9,105637,20541,5.1,21066,60437,35,281,11.2,14,12,2,1,42130,17,19222,8,14,13,14,42,36176,26,48808,45711,51905,,66018,36539,45279,67707,57859,62,11359,13,250127,24.2,15.1,83247,33.3,2719,1.1,10001,4.0,245,0.1,56120,22.4,96882,38.7,11533,5,48.8,21196,8.4
48247,Texas,Jim Hogg,44,42,45,5.1,4.5,5.4,42,,774,18,1,19,5200:1,1,19,5184:1,,,,2108,2828,75,359,1102,33,180,1891,9.5,84253,15707,5.4,695,1794,39,0,0.0,18,11,7,1,970,19,989,19,18,17,19,37,638,24,41620,34068,49172,,,,34261,83321,1102,71,176,12,5184,30.1,17.2,36,0.7,39,0.8,31,0.6,2,0.0,4806,92.7,279,5.4,180,4,48.8,922,17.4
48249,Texas,Jim Wells,41,39,43,4.7,4.4,6.7,38,56,7341,22,9,22,4498:1,14,35,2889:1,36,89,1124:1,20199,25841,78,4774,10374,46,2094,16127,13.0,102694,18076,5.7,4444,11383,39,25,6.2,17,10,6,2,6610,16,3946,10,16,15,17,37,6136,27,48773,40969,56577,,,,40434,60370,9172,71,1320,11,40452,27.1,16.2,278,0.7,435,1.1,259,0.6,27,0.1,32455,80.2,7218,17.8,1414,4,50.4,16370,40.1
48251,Texas,Johnson,37,36,38,4.1,4.6,7.7,30,65,30040,20,77,44,2283:1,71,40,2529:1,142,79,1265:1,96083,112031,86,23111,44197,52,5390,82931,6.5,116991,32180,3.6,9551,44446,21,132,7.5,13,9,4,1,21590,13,9117,6,11,11,12,35,24198,23,67382,58557,76207,72768,69570,72743,57835,67256,42693,73,4540,8,179575,25.8,14.6,7165,4.0,1783,1.0,1930,1.1,947,0.5,41714,23.2,124176,69.1,5322,3,50.1,57165,37.9
48253,Texas,Jones,39,38,40,4.5,4.5,6.7,34,17,2407,20,6,30,3347:1,2,10,9938:1,1,5,19875:1,11718,14837,79,2646,7054,38,401,5738,7.0,95216,25500,3.7,765,3468,22,21,10.5,11,8,1,2,3030,15,2392,12,13,13,14,38,1939,23,47019,39129,54909,,,26500,36487,58819,4444,79,410,8,19875,17.6,16.1,2327,11.7,286,1.4,153,0.8,4,0.0,5568,28.0,11577,58.2,315,2,37.6,17202,85.1
48255,Texas,Karnes,40,38,41,4.4,4.3,7.7,35,53,2028,19,4,26,3900:1,9,58,1729:1,2,13,7781:1,7982,10540,76,1938,4885,40,440,7007,6.3,122792,20226,6.1,877,3155,28,16,10.3,13,8,5,2,2040,13,843,6,15,14,15,37,1583,22,56006,45863,66149,,,,40757,77778,3340,73,357,8,15562,21.9,14.6,1178,7.6,174,1.1,80,0.5,6,0.0,8865,57.0,5340,34.3,1245,9,42.1,5691,38.4
48257,Texas,Kaufman,36,35,37,4.0,4.5,8.0,29,59,20317,17,35,26,3890:1,56,39,2557:1,140,98,1023:1,71212,82983,86,20890,35938,58,4377,67263,6.5,132820,32478,4.1,8412,36116,23,97,7.1,14,11,3,1,15990,13,3561,3,11,11,12,36,16399,20,76352,67643,85061,,80828,48195,65320,79668,30075,77,4016,10,143198,28.1,11.8,21192,14.8,1457,1.0,2364,1.7,142,0.1,34825,24.3,81743,57.1,2877,2,50.7,50453,48.8
48259,Texas,Kendall,31,30,33,3.3,3.9,8.5,24,79,6399,17,41,86,1157:1,37,76,1311:1,89,183,545:1,29309,31162,94,7419,10283,72,1116,22123,5.0,194585,44467,4.4,1206,10606,11,45,9.5,15,13,2,1,5010,11,425,1,9,9,10,33,5001,18,103216,87393,119039,,,40875,93102,101333,11239,76,1757,12,48523,22.8,19.6,592,1.2,354,0.7,701,1.4,46,0.1,11991,24.7,34483,71.1,1113,3,50.9,19431,58.2
48261,Texas,Kenedy,44,43,46,6.4,5.5,4.4,50,0,88,26,0,0,404:0,0,0,379:0,0,0,379:0,59,270,22,1,90,1,10,184,5.4,60042,21639,2.8,0,121,0,0,0.0,10,2,5,2,80,14,156,37,20,19,21,38,69,29,45980,37218,54742,,,,,,27,21,,,379,17.7,22.7,9,2.4,7,1.8,7,1.8,0,0.0,271,71.5,82,21.6,86,27,47.8,416,100.0
48263,Texas,Kent,35,33,36,3.8,4.4,4.1,28,,77,14,0,0,762:0,0,0,786:0,0,0,786:0,447,478,94,116,138,84,18,458,3.9,107469,30458,3.5,17,195,9,0,0.0,8,8,0,0,120,19,244,30,11,10,11,35,59,15,53472,43937,63007,,,,,,233,81,14,5,786,23.9,24.9,7,0.9,12,1.5,1,0.1,1,0.1,155,19.7,603,76.7,0,0,50.3,808,100.0
48265,Texas,Kerr,36,35,38,4.0,4.4,7.4,29,63,8656,24,47,89,1119:1,37,70,1429:1,168,318,315:1,33868,37918,89,5943,10441,57,1271,21636,5.9,108969,27595,3.9,2314,9840,24,77,14.6,12,8,3,1,7690,15,2606,5,11,11,12,36,7098,27,57425,48357,66493,,,28116,48084,61858,14561,68,1823,9,52869,18.7,28.3,761,1.4,635,1.2,691,1.3,62,0.1,14927,28.2,35667,67.5,924,2,51.8,20397,41.1
48267,Texas,Kimble,38,37,40,4.6,4.8,6.3,33,63,718,24,4,92,1084:1,3,68,1465:1,1,23,4396:1,2773,3312,84,462,827,56,92,1809,5.1,112960,19099,5.9,107,793,13,5,11.5,14,12,1,1,820,19,389,8,13,12,14,36,603,27,47894,39299,56489,,,,33292,50268,1488,76,179,10,4396,18.1,30.5,32,0.7,59,1.3,38,0.9,5,0.1,1092,24.8,3183,72.4,69,2,51.1,2041,44.3
48269,Texas,King,37,36,38,4.5,4.9,5.3,32,,48,22,0,0,272:0,0,0,283:0,0,0,283:0,174,222,78,25,92,27,4,236,1.7,,,,15,52,29,0,0.0,4,9,0,0,40,17,64,22,12,11,13,35,32,22,78210,63351,93069,,,,38750,39375,35,39,6,25,283,26.9,18.7,6,2.1,3,1.1,0,0.0,1,0.4,57,20.1,211,74.6,19,7,48.4,286,100.0
48271,Texas,Kinney,42,40,43,5.0,4.5,4.8,39,39,446,19,,,,0,0,3670:0,,,,2335,2883,81,381,814,47,79,1312,6.0,71906,17201,4.2,246,462,53,0,0.0,9,7,1,1,660,18,922,26,17,16,17,38,361,21,62557,60951,64163,,,,,,1110,75,16,1,3670,19.3,25.5,51,1.4,61,1.7,19,0.5,7,0.2,2239,61.0,1287,35.1,241,7,44.7,736,20.5
48273,Texas,Kleberg,41,39,43,4.5,4.3,5.7,36,67,4959,20,13,42,2360:1,17,56,1785:1,16,53,1896:1,13455,17019,79,4939,7538,66,1125,13402,8.4,98062,14167,6.9,2675,7461,36,24,7.8,20,15,6,1,5390,17,5564,17,16,15,17,37,4222,24,51574,44068,59080,,,,44022,74474,5815,52,1464,14,30338,24.2,13.7,950,3.1,335,1.1,753,2.5,52,0.2,22275,73.4,6048,19.9,859,3,49.2,6050,18.9
48275,Texas,Knox,39,37,40,4.6,4.8,7.3,35,39,717,25,1,27,3664:1,0,0,3683:0,,,,1986,2462,81,482,775,62,82,1454,5.6,94190,22066,4.3,192,938,20,6,16.4,9,4,3,2,550,15,221,6,14,13,14,37,541,28,46053,38258,53848,,,,42456,58409,1180,85,56,4,3683,26.3,20.4,181,4.9,47,1.3,12,0.3,2,0.1,1299,35.3,2105,57.2,161,5,50.5,3719,100.0
48277,Texas,Lamar,37,35,38,4.6,5.1,5.9,31,63,8631,22,22,44,2266:1,28,56,1782:1,54,108,924:1,29420,34180,86,6770,11873,57,1518,23507,6.5,92203,17157,5.4,3794,11825,32,73,14.6,15,12,2,2,9000,18,7077,14,12,11,12,38,7114,25,44688,39361,50015,,,31304,48513,51566,12940,65,2925,15,49905,23.7,19.5,6526,13.1,961,1.9,421,0.8,40,0.1,4367,8.8,36450,73.0,505,1,51.8,23444,47.1
48279,Texas,Lamb,41,39,42,4.9,4.7,6.8,38,75,2810,27,5,39,2579:1,2,16,6355:1,5,39,2542:1,6260,8258,76,1485,3035,49,274,5234,5.2,85221,17141,5.0,908,3603,25,24,18.6,14,9,3,3,2020,15,1515,11,16,15,16,38,2243,32,48123,39769,56477,,93235,24740,42912,53023,3441,73,384,9,12710,27.3,17.5,448,3.5,258,2.0,81,0.6,21,0.2,7204,56.7,4843,38.1,744,6,50.4,8063,57.7
48281,Texas,Lampasas,35,34,37,4.0,4.6,7.3,29,69,3143,18,9,42,2381:1,3,14,7263:1,13,60,1676:1,13445,14963,90,2863,4740,60,485,9041,5.4,115794,28513,4.1,1085,4416,25,28,13.1,13,10,2,1,3150,15,1160,6,11,10,12,36,2580,21,69051,60464,77638,26367,,140212,48506,66537,6245,80,858,11,21789,21.6,20.8,869,4.0,264,1.2,319,1.5,120,0.6,4300,19.7,15550,71.4,137,1,50.6,13433,68.3
48283,Texas,La Salle,41,39,42,4.6,4.2,7.0,39,,887,18,,,,,,,4,53,1875:1,3321,5135,65,359,2213,16,251,3693,6.8,95364,15445,6.2,442,1573,28,4,5.3,20,9,8,3,1030,14,795,12,16,15,17,37,757,22,45647,37025,54269,,,,,,1585,74,228,12,7500,19.4,14.1,59,0.8,76,1.0,33,0.4,2,0.0,6513,86.8,843,11.2,683,9,40.8,3192,46.4
48285,Texas,Lavaca,37,36,39,4.1,4.7,7.7,30,49,2881,19,14,69,1440:1,5,25,4043:1,3,15,6739:1,11963,13879,86,2178,4135,53,441,8406,5.2,112515,25535,4.4,749,4741,16,24,11.9,15,7,7,1,2790,14,824,4,11,10,12,36,2195,21,57999,48757,67241,,,38810,48313,57738,5973,76,424,6,20216,23.4,24.1,1173,5.8,146,0.7,112,0.6,18,0.1,3985,19.7,14700,72.7,313,2,51.1,15664,81.3
48287,Texas,Lee,37,36,39,4.3,4.7,7.7,31,44,3018,22,4,23,4310:1,5,29,3479:1,8,46,2175:1,9984,12029,83,1638,4052,40,452,9158,4.9,102234,22581,4.5,1013,3609,28,19,11.0,19,13,5,1,2170,13,1071,6,12,11,13,38,2473,24,61444,50761,72127,,,31979,40250,63455,4958,81,686,12,17397,21.4,19.8,1782,10.2,194,1.1,98,0.6,40,0.2,4227,24.3,10988,63.2,655,4,49.6,11582,69.7
48289,Texas,Leon,38,36,39,4.7,5.1,6.6,33,19,3408,26,,,,3,17,5831:1,3,17,5831:1,10149,12391,82,1716,3770,46,477,6121,7.8,102674,21438,4.8,1264,3913,32,28,16.1,12,8,3,1,3070,18,1354,8,12,12,13,37,2587,28,52878,44217,61539,,170179,24455,35256,50588,5338,78,563,9,17493,22.5,25.2,1210,6.9,152,0.9,140,0.8,3,0.0,2690,15.4,13183,75.4,526,3,50.4,16801,100.0
48291,Texas,Liberty,37,36,38,4.7,5.0,7.4,37,49,16352,23,20,23,4411:1,25,27,3662:1,21,23,4359:1,43439,55520,78,9653,23149,42,3571,33582,10.6,103059,21558,4.8,4593,22877,20,72,8.2,14,9,5,1,13160,16,3138,4,13,12,13,39,12945,27,61230,52816,69644,,74479,48315,44459,54946,21411,78,2724,10,91547,27.9,12.9,8117,8.9,1290,1.4,659,0.7,105,0.1,28277,30.9,53023,57.9,3625,5,50.6,47827,63.2
48293,Texas,Limestone,40,39,41,4.7,4.9,6.7,35,59,3920,23,9,38,2604:1,8,34,2918:1,10,43,2334:1,13491,16218,83,2727,5702,48,596,8363,7.1,90995,19449,4.7,1493,5176,29,23,9.8,14,9,4,2,3880,17,2035,9,14,13,14,39,3205,26,53143,46898,59388,80197,52829,26217,45250,51590,6138,74,860,11,23340,21.9,20.5,3920,16.8,295,1.3,230,1.0,19,0.1,5307,22.7,13463,57.7,897,4,48.7,12538,53.6
48295,Texas,Lipscomb,36,35,38,4.1,4.4,5.0,31,,759,29,,,,0,0,3111:0,,,,1710,2071,83,386,737,52,64,1541,4.2,115071,30424,3.8,232,945,25,10,30.9,10,6,4,2,470,14,1042,32,12,11,13,36,517,29,67775,56613,78937,36250,,,52390,66927,855,74,56,5,3111,24.8,19.0,29,0.9,70,2.3,28,0.9,7,0.2,1099,35.3,1860,59.8,167,5,48.6,3302,100.0
48297,Texas,Live Oak,41,39,42,4.5,4.6,7.4,36,22,1932,22,1,8,12207:1,2,16,6162:1,1,8,12324:1,6705,8637,78,1106,2732,40,386,5177,7.5,104434,17496,6.0,555,2436,23,13,10.6,9,5,3,1,1890,16,412,4,14,13,15,37,1531,25,54031,43965,64097,,,,29670,58438,3156,82,293,8,12324,20.1,21.6,518,4.2,156,1.3,108,0.9,10,0.1,5071,41.1,6452,52.4,610,5,45.0,11531,100.0
48299,Texas,Llano,34,32,36,4.1,4.8,6.3,28,77,3176,23,15,69,1453:1,11,50,1996:1,12,55,1830:1,14828,17147,86,1671,3448,48,486,8479,5.7,121715,26715,4.6,673,3197,21,24,11.0,16,12,4,2,3490,17,2560,13,11,10,11,35,2647,26,60706,50759,70653,,,,37922,59755,7009,78,919,11,21958,14.8,37.9,222,1.0,212,1.0,145,0.7,10,0.0,2452,11.2,18773,85.5,223,1,51.5,8720,45.2
48301,Texas,Loving,36,35,37,3.9,4.7,5.5,28,,17,11,0,0,169:0,0,0,181:0,0,0,181:0,85,88,97,21,21,100,5,289,1.7,59500,43065,1.4,0,26,0,0,0.0,11,0,11,0,20,18,15,19,11,10,11,36,13,13,97491,78482,116500,,,,,,11,18,,,181,29.3,12.2,13,7.2,2,1.1,0,0.0,0,0.0,30,16.6,136,75.1,0,0,42.0,82,100.0
48303,Texas,Lubbock,36,35,38,4.2,4.4,7.0,33,87,45935,18,259,83,1199:1,179,57,1759:1,544,173,579:1,159397,182865,87,54962,81763,67,8996,156625,5.7,107886,21650,5.0,21106,73179,29,271,8.7,20,16,3,1,47200,16,22833,8,13,12,14,35,38913,21,56477,51914,61040,37028,62845,34548,43143,63043,64803,56,19140,17,314772,23.6,13.0,22454,7.1,3873,1.2,7555,2.4,443,0.1,115247,36.6,164408,52.2,5153,2,50.8,31607,11.3
48305,Texas,Lynn,40,39,42,4.8,4.7,6.0,37,,1037,21,5,84,1190:1,1,17,6025:1,,,,3055,3880,79,939,1449,65,149,2740,5.4,107507,17405,6.2,404,1573,26,8,13.4,12,8,3,2,980,17,892,15,15,14,16,37,811,25,51003,41979,60027,,,16125,26716,55878,1521,69,228,11,6025,27.1,16.9,124,2.1,101,1.7,24,0.4,1,0.0,2740,45.5,3064,50.9,114,2,47.9,3355,56.7
48307,Texas,McCulloch,38,37,40,4.5,4.7,5.4,33,55,1290,21,4,50,1996:1,2,26,3912:1,3,38,2608:1,4476,5570,80,830,1550,54,244,3260,7.5,95731,18858,5.1,540,1737,31,11,13.8,11,8,2,1,1440,18,1591,19,13,12,14,37,1075,24,47617,40793,54441,,,,40347,49281,2200,70,249,9,7823,21.3,24.2,142,1.8,96,1.2,61,0.8,7,0.1,2618,33.5,4878,62.4,133,2,50.1,2926,35.3
48309,Texas,McLennan,39,37,40,4.4,4.7,6.1,33,64,38118,18,196,76,1309:1,144,55,1804:1,457,176,568:1,132209,154778,85,38037,62387,61,7410,120347,6.2,107646,20056,5.4,19341,62025,31,296,11.5,18,15,3,1,39500,16,39470,17,13,12,13,36,32319,21,55148,48989,61307,,47250,29268,40653,64116,54151,59,14255,16,259730,24.3,15.1,36232,13.9,2995,1.2,4713,1.8,309,0.1,70538,27.2,143116,55.1,10078,4,51.3,54855,23.4
48311,Texas,McMullen,36,34,37,3.5,3.9,5.9,28,18,76,14,0,0,743:0,0,0,721:0,0,0,721:0,409,460,89,103,205,50,20,727,2.8,128417,27250,4.7,85,215,40,0,0.0,16,7,12,0,100,12,179,25,12,11,12,36,56,14,45927,43986,47868,,,,58750,119375,194,85,10,5,721,20.7,26.2,16,2.2,3,0.4,4,0.6,0,0.0,299,41.5,396,54.9,26,4,47.6,707,100.0
48313,Texas,Madison,38,37,39,4.3,4.5,6.8,32,,2288,24,2,14,7142:1,4,28,3607:1,3,21,4809:1,7996,9849,81,1911,4532,42,321,4462,7.2,109129,23729,4.6,480,3053,16,15,10.5,18,10,7,2,2010,14,1820,13,13,12,13,39,1804,27,58674,53745,63603,,109147,,60020,61778,3196,76,329,8,14427,21.4,16.2,2743,19.0,174,1.2,165,1.1,12,0.1,3538,24.5,7725,53.5,628,5,43.0,9210,67.4
48315,Texas,Marion,39,37,40,4.7,5.2,7.0,33,46,1420,20,,,,1,10,9960:1,1,10,9960:1,6392,7423,86,895,1957,46,351,4271,8.2,77105,17090,4.5,466,1813,26,8,8.1,13,9,3,2,1820,18,305,3,13,12,13,40,1191,22,42024,35502,48546,,,27540,33077,45609,3535,78,453,10,9960,18.0,26.9,2017,20.3,123,1.2,94,0.9,3,0.0,461,4.6,7071,71.0,185,2,51.1,10546,100.0
48317,Texas,Martin,37,35,38,4.1,4.4,8.1,33,3,1038,20,1,17,5771:1,1,17,5816:1,,,,2543,3223,79,589,1199,49,155,2546,6.1,128833,36992,3.5,218,1807,12,8,13.9,19,10,7,2,600,11,325,7,13,12,13,36,733,22,73367,60721,86013,,,,56875,85544,1202,70,92,6,5816,31.7,11.6,102,1.8,93,1.6,34,0.6,5,0.1,2767,47.6,2837,48.8,191,4,49.6,4799,100.0
48319,Texas,Mason,36,34,37,3.9,4.4,7.8,29,66,883,29,,,,1,23,4344:1,2,46,2172:1,2463,2882,85,628,755,83,96,1726,5.6,124975,25703,4.9,109,1016,11,8,18.7,16,15,1,1,600,14,112,3,11,10,12,35,659,31,63120,53092,73148,,,,,,1253,75,175,12,4344,20.1,30.3,23,0.5,31,0.7,11,0.3,11,0.3,1092,25.1,3165,72.9,177,4,49.2,4012,100.0
48321,Texas,Matagorda,41,39,42,4.5,4.6,6.2,36,69,6192,21,14,38,2617:1,13,35,2825:1,15,41,2448:1,19778,24097,82,4756,8599,55,1737,16529,10.5,97994,17970,5.5,3049,9534,32,49,13.4,19,14,4,2,6150,17,5233,14,14,14,15,38,4985,24,52241,42741,61741,40833,28229,27446,43243,66336,9798,70,1926,15,36725,25.9,17.5,3777,10.3,493,1.3,694,1.9,55,0.1,16280,44.3,15550,42.3,1493,4,49.9,13366,36.4
48323,Texas,Maverick,42,39,43,5.3,4.6,5.5,42,67,14265,29,14,24,4194:1,13,22,4491:1,17,29,3434:1,20337,33086,61,7663,14492,53,3673,24494,15.0,93863,13655,6.9,5680,18123,31,15,2.6,24,13,11,2,10500,18,9783,18,19,17,20,38,11732,36,41324,33774,48874,58125,,,40754,85090,11048,66,2458,15,58378,30.6,12.1,206,0.4,1044,1.8,375,0.6,20,0.0,55513,95.1,1576,2.7,11844,22,49.8,5022,9.3
48325,Texas,Medina,38,37,40,4.0,4.1,8.1,32,53,7422,18,12,23,4299:1,11,21,4760:1,21,40,2493:1,28789,34123,84,6829,12117,56,1351,21461,6.3,123912,25646,4.8,2538,11716,22,29,5.6,12,9,3,1,6050,12,1863,4,13,12,14,35,6110,21,62600,56034,69166,116528,100888,,59643,65323,12780,80,1501,10,52358,22.8,17.4,1411,2.7,575,1.1,432,0.8,111,0.2,27676,52.9,22196,42.4,1551,3,48.4,28319,61.6
48327,Texas,Menard,38,36,39,4.3,4.5,6.8,34,73,407,29,1,47,2138:1,1,47,2124:1,,,,1394,1670,83,190,377,50,45,866,5.2,83986,16171,5.2,24,378,6,3,14.0,11,5,3,4,370,17,135,6,13,12,14,36,323,31,41477,33819,49135,,,,37434,53151,636,61,116,13,2124,18.5,32.7,31,1.5,35,1.6,7,0.3,0,0.0,775,36.5,1281,60.3,108,5,50.2,2242,100.0
48329,Texas,Midland,33,31,34,3.7,4.0,8.3,29,85,29022,18,64,36,2763:1,102,57,1744:1,165,93,1078:1,89953,106940,84,31813,54126,59,7924,98237,8.1,161688,34730,4.7,10767,48917,22,168,9.5,16,9,6,1,17820,11,6977,5,12,11,12,35,20962,20,92117,78648,105586,93487,128988,48366,69192,101495,38643,67,6162,11,177863,28.9,10.3,11412,6.4,2139,1.2,4127,2.3,226,0.1,83683,47.0,75859,42.7,8497,5,49.2,16824,12.3
48331,Texas,Milam,37,36,38,4.5,4.8,6.5,34,55,3704,19,2,8,12412:1,5,20,4942:1,8,32,3089:1,13963,16708,84,2426,5168,47,696,9750,7.1,101353,21191,4.8,2217,5910,38,32,12.9,14,9,5,1,4080,17,2824,11,13,12,13,38,3008,22,49961,43517,56405,60313,105250,39702,30950,60272,6972,74,956,11,24708,23.3,21.6,2110,8.5,334,1.4,209,0.8,18,0.1,6751,27.3,15213,61.6,650,3,50.4,13909,56.2
48333,Texas,Mills,36,34,37,4.3,4.8,6.7,31,3,908,27,1,21,4873:1,2,41,2420:1,6,124,807:1,3000,3622,83,314,756,42,78,1889,4.1,93577,19129,4.9,155,819,19,8,16.4,13,10,2,1,810,17,444,9,12,11,12,36,733,30,49089,40618,57560,,,,,,1545,88,155,9,4840,20.4,28.6,45,0.9,54,1.1,31,0.6,1,0.0,923,19.1,3778,78.1,158,3,49.9,4936,100.0
48335,Texas,Mitchell,38,37,39,4.4,4.4,7.7,35,4,1085,20,4,47,2136:1,1,12,8202:1,,,,4433,5229,85,759,2089,36,189,2381,7.9,98907,23595,4.2,489,1700,29,8,9.4,13,7,6,0,1100,13,568,6,13,13,14,38,845,23,46156,37914,54398,,,41771,43372,69643,1964,81,98,4,8202,22.1,15.2,771,9.4,148,1.8,70,0.9,12,0.1,3333,40.6,3897,47.5,409,5,41.1,3455,36.7
48337,Texas,Montague,37,35,38,4.5,5.0,6.9,31,21,3321,22,6,30,3303:1,6,30,3327:1,5,25,3992:1,12043,13894,87,2390,4228,57,602,9081,6.6,110629,25520,4.3,1217,4418,28,29,14.6,12,9,3,2,3440,18,889,5,11,11,12,37,2706,25,56012,48843,63181,,,,60602,56645,6101,77,752,10,19962,22.5,22.9,151,0.8,283,1.4,102,0.5,12,0.1,2304,11.5,16946,84.9,172,1,50.8,11623,58.9
48339,Texas,Montgomery,36,35,37,3.6,4.2,7.6,28,83,90482,17,367,60,1655:1,308,49,2034:1,586,94,1069:1,344494,386248,89,105220,156087,67,21493,284994,7.5,163906,36151,4.5,25216,155219,16,356,5.9,14,10,4,1,70560,12,37405,8,11,10,11,35,73614,20,85348,79433,91263,92443,121058,66534,60673,91409,147027,71,21707,11,626351,25.9,13.7,35336,5.6,6162,1.0,21555,3.4,741,0.1,160240,25.6,397549,63.5,22597,4,50.5,103571,22.7
48341,Texas,Moore,38,36,39,4.4,4.4,7.7,35,65,4996,27,8,38,2618:1,8,39,2582:1,3,15,6885:1,8113,12411,65,2396,5508,44,398,10578,3.8,97413,26457,3.7,1439,6751,21,28,13.4,15,7,7,1,2500,12,1878,9,14,13,15,38,3817,32,53341,45352,61330,,82321,26813,51330,58929,4383,66,503,8,20654,31.4,11.8,858,4.2,371,1.8,1166,5.6,54,0.3,12031,58.3,6300,30.5,3311,17,48.0,3683,16.8
48343,Texas,Morris,38,37,40,4.6,5.1,7.2,32,3,1786,19,2,16,6194:1,6,48,2066:1,4,32,3098:1,7777,8541,91,1348,2682,50,545,4793,11.4,84745,18366,4.6,794,2853,28,21,17.0,13,9,3,1,2220,18,112,1,13,12,13,39,1481,22,45122,37096,53148,,,25963,46851,50752,3789,73,606,12,12393,22.8,22.3,2713,21.9,163,1.3,87,0.7,16,0.1,1347,10.9,7853,63.4,115,1,51.8,10143,78.4
48345,Texas,Motley,36,34,37,4.1,4.6,7.6,29,14,189,23,0,0,1200:0,0,0,1185:0,,,,890,1003,89,192,298,64,20,437,4.6,95923,23020,4.2,96,287,33,0,0.0,11,5,5,1,190,15,40,3,11,10,12,36,147,24,46712,39835,53589,,,,63036,39750,352,71,20,4,1185,20.3,31.1,30,2.5,28,2.4,2,0.2,2,0.2,229,19.3,905,76.4,6,0,49.3,1210,100.0
48347,Texas,Nacogdoches,41,39,42,4.6,5.0,6.2,33,59,10678,21,46,71,1417:1,42,65,1542:1,77,119,841:1,31528,37668,84,7985,14174,56,1842,27987,6.6,92358,17569,5.3,4414,15018,29,49,7.5,19,15,4,1,12290,19,6026,9,13,13,14,39,8995,25,49375,42327,56423,28438,,23234,37474,53057,13713,58,3729,16,64753,23.1,15.7,11264,17.4,548,0.8,856,1.3,38,0.1,13116,20.3,38277,59.1,2339,4,52.1,29978,46.5
48349,Texas,Navarro,39,38,41,4.6,4.8,6.9,34,53,9643,24,20,40,2506:1,19,37,2668:1,33,65,1536:1,25724,32159,80,6471,11530,56,1442,23245,6.2,102781,21731,4.7,3495,12959,27,44,8.8,16,11,4,2,7880,16,3868,8,13,13,14,38,7819,28,50778,44358,57198,33500,,26392,41415,56291,12191,70,1994,12,50694,26.5,17.2,6216,12.3,587,1.2,432,0.9,927,1.8,14869,29.3,27399,54.0,2901,6,51.0,25136,52.7
48351,Texas,Newton,39,37,40,5.0,5.4,5.5,35,6,2176,22,,,,,,,2,15,6707:1,7993,9831,81,1325,3099,43,557,5054,11.0,93263,16086,5.8,798,2733,29,11,8.1,9,6,2,2,2760,20,2041,14,13,12,14,40,1813,25,45769,37166,54372,,,19940,3997,48382,4228,83,301,6,13414,18.8,22.3,2562,19.1,123,0.9,74,0.6,3,0.0,550,4.1,9865,73.5,39,0,48.3,14445,100.0
48353,Texas,Nolan,38,37,40,4.5,4.7,7.0,34,41,2383,20,5,34,2943:1,8,54,1854:1,10,67,1484:1,7887,9546,83,1765,3324,53,377,7151,5.3,91401,18791,4.9,1088,3853,28,19,12.9,15,8,5,2,2380,16,1079,7,14,13,14,37,1896,24,41720,36557,46883,,,28175,38516,46706,3748,68,578,11,14835,25.6,18.9,639,4.3,187,1.3,146,1.0,21,0.1,5836,39.3,7947,53.6,539,4,50.0,4969,32.7
48355,Texas,Nueces,41,40,42,4.2,4.2,7.0,32,93,60083,20,290,80,1249:1,200,55,1816:1,468,129,776:1,198578,236941,84,56788,98640,58,14688,163920,9.0,112341,22803,4.9,29796,88776,34,268,7.4,18,13,5,1,52970,15,33739,10,14,13,15,35,51632,24,55727,50697,60757,49623,87713,41188,51141,69883,76550,59,18220,14,363148,24.2,15.3,12505,3.4,3195,0.9,8263,2.3,585,0.2,235592,64.9,102832,28.3,7801,2,50.6,21935,6.4
48357,Texas,Ochiltree,39,38,41,4.7,4.6,8.1,36,88,2360,27,4,41,2459:1,4,42,2400:1,3,31,3199:1,4291,5775,74,1015,2582,39,236,4071,5.8,100773,26060,3.9,633,3105,20,15,15.3,17,11,7,1,1290,13,294,3,14,13,15,36,1769,32,71477,60596,82358,41579,,,46500,61000,2483,73,284,9,9598,31.1,12.0,54,0.6,168,1.8,63,0.7,8,0.1,5412,56.4,3938,41.0,1161,13,50.0,1422,13.9
48359,Texas,Oldham,35,33,36,3.9,4.6,5.2,29,0,281,18,,,,0,0,2135:0,3,141,712:1,1142,1246,92,353,535,66,35,890,3.9,144214,29438,4.9,12,340,4,3,14.2,10,10,3,2,260,12,668,33,11,10,11,35,249,19,61013,50167,71859,,,,53750,65250,472,73,27,5,2135,22.2,16.0,66,3.1,28,1.3,34,1.6,1,0.0,370,17.3,1621,75.9,14,1,47.6,2052,100.0
48361,Texas,Orange,40,38,41,4.2,4.9,6.6,30,52,11627,17,15,18,5560:1,26,31,3188:1,23,28,3603:1,49572,56083,88,11978,21079,57,3786,36027,10.5,121882,26461,4.6,5328,20823,26,78,9.4,12,8,3,1,13830,17,8067,10,11,10,12,39,9307,19,61323,52370,70276,,77440,35326,51863,68397,23449,74,2485,8,82878,25.0,16.3,7162,8.6,675,0.8,1019,1.2,87,0.1,7349,8.9,65668,79.2,871,1,50.6,28783,35.2
48363,Texas,Palo Pinto,37,36,38,4.6,5.0,5.1,33,39,5323,23,11,38,2654:1,9,31,3258:1,6,20,4887:1,17297,19723,88,3526,6510,54,928,13267,7.0,104207,22518,4.6,1408,6695,21,35,12.0,19,14,4,1,4920,17,6835,24,12,11,13,37,4384,27,59450,52840,66060,,80920,49697,49063,57031,7703,75,1230,12,29320,23.1,20.4,678,2.3,334,1.1,302,1.0,28,0.1,5944,20.3,21841,74.5,708,3,50.9,14116,50.2
48365,Texas,Panola,38,36,39,4.5,5.1,6.8,31,35,3606,20,8,34,2899:1,6,26,3865:1,4,17,5797:1,13224,15735,84,3249,5486,59,792,9437,8.4,102420,20662,5.0,1143,5361,21,24,10.3,12,8,3,1,3710,16,2276,10,12,12,13,38,2898,22,51936,42518,61354,,,25208,52331,55143,6688,77,543,7,23187,23.0,20.4,3555,15.3,187,0.8,144,0.6,15,0.1,2103,9.1,16964,73.2,292,1,50.4,17304,72.7
48367,Texas,Parker,33,32,35,3.8,4.5,7.8,26,56,20751,17,57,40,2507:1,52,35,2850:1,89,60,1665:1,83128,93391,89,21440,33902,63,4012,68141,5.9,152789,35549,4.3,4648,34147,14,132,9.2,13,10,3,1,16710,13,6728,6,10,9,10,35,16792,20,88617,81031,96203,54596,114464,,63802,86582,36917,81,4615,10,148198,24.6,16.1,2179,1.5,1557,1.1,1082,0.7,132,0.1,19965,13.5,121585,82.0,2540,2,50.1,65578,56.1
48369,Texas,Parmer,39,38,41,4.6,4.4,7.6,37,16,2297,28,1,10,9605:1,1,11,9522:1,,,,4477,6038,74,977,2441,40,127,4915,2.6,115571,28195,4.1,283,2757,10,12,12.5,17,7,10,1,1210,13,842,8,15,14,16,37,1734,32,61989,53836,70142,,,,53402,71932,2104,65,199,7,9522,27.6,15.1,106,1.1,153,1.6,99,1.0,35,0.4,6205,65.2,3080,32.3,972,11,48.3,6163,60.0
48371,Texas,Pecos,40,38,42,4.4,4.3,6.6,36,53,2871,25,9,57,1758:1,4,25,3930:1,4,25,3930:1,7642,10543,72,1706,4706,36,530,6517,8.1,102905,22981,4.5,868,3877,22,11,7.0,12,5,6,2,1890,12,2964,19,15,14,16,37,2219,29,52792,43009,62575,,,,45458,80617,3614,74,404,9,15718,24.6,13.3,620,3.9,248,1.6,213,1.4,25,0.2,10966,69.8,3769,24.0,865,6,43.4,6168,39.8
48373,Texas,Polk,40,39,42,4.6,4.9,6.7,35,38,8609,23,28,55,1834:1,22,42,2409:1,23,43,2304:1,29698,36262,82,4879,11818,41,1602,18357,8.7,98955,21603,4.6,3597,10113,36,41,8.0,14,11,3,1,8990,18,2284,5,13,12,14,38,7165,26,47535,39509,55561,39167,148750,33588,48295,52166,13850,77,1838,11,52995,20.1,19.4,4933,9.3,1193,2.3,444,0.8,62,0.1,8168,15.4,37833,71.4,1079,2,46.3,35258,77.6
48375,Texas,Potter,39,38,41,4.8,4.8,6.5,38,74,24112,25,102,87,1151:1,67,58,1731:1,263,227,441:1,57976,75104,77,14486,33159,44,2961,54150,5.5,87248,18899,4.6,10380,32281,32,129,11.0,20,14,6,1,19400,16,14222,12,15,14,16,37,19479,30,45903,40158,51648,,51054,31553,40981,51033,24037,55,6903,16,116004,26.9,13.5,11718,10.1,1610,1.4,6137,5.3,170,0.1,46077,39.7,49802,42.9,9325,9,48.8,10892,9.0
48377,Texas,Presidio,45,43,47,6.0,5.1,4.3,47,78,1638,33,2,30,3352:1,,,,3,46,2169:1,2147,4425,49,714,1399,51,476,3231,14.7,62364,11187,5.6,657,1805,36,6,8.9,15,7,8,0,1690,24,1395,18,21,19,22,38,1306,40,39967,32393,47541,,,,,,1392,54,296,12,6508,27.3,24.0,68,1.0,126,1.9,145,2.2,2,0.0,5436,83.5,806,12.4,1778,28,49.5,3164,40.5
48379,Texas,Rains,35,34,37,4.3,5.0,,30,44,2071,22,1,8,12514:1,2,16,6276:1,5,40,2510:1,7447,8968,83,1156,2541,45,283,6027,4.7,100814,25722,3.9,468,2305,20,11,8.8,14,9,4,1,1920,16,,,11,10,11,37,1660,24,59195,50016,68374,,,,,,3386,78,307,8,12552,19.9,25.2,288,2.3,163,1.3,110,0.9,6,0.0,1204,9.6,10602,84.5,99,1,50.1,10175,93.2
48381,Texas,Randall,36,35,38,3.6,4.2,8.3,26,86,15147,13,87,63,1583:1,81,58,1727:1,147,105,952:1,83554,89847,93,26700,37623,71,3246,72380,4.5,125260,30687,4.1,7545,32414,23,103,7.5,11,9,2,0,16220,12,2876,2,10,9,10,33,12475,15,71041,60974,81108,,61689,48233,62646,70736,34873,70,5228,11,139899,24.0,15.7,4556,3.3,1367,1.0,2724,1.9,131,0.1,33175,23.7,96706,69.1,1440,1,50.9,17355,14.4
48383,Texas,Reagan,39,37,40,4.1,4.1,8.8,35,93,676,20,2,52,1925:1,0,0,3833:0,,,,1836,2222,83,473,1085,44,176,1815,9.7,107423,31194,3.4,100,1140,9,5,13.0,9,8,1,0,360,10,51,2,14,13,15,37,503,22,66711,54203,79219,,,,55938,90104,735,66,116,11,3833,29.4,11.4,100,2.6,53,1.4,25,0.7,1,0.0,2772,72.3,894,23.3,174,5,46.4,448,13.3
48385,Texas,Real,39,38,41,4.9,5.0,2.0,36,0,522,22,2,58,1726:1,2,59,1706:1,1,29,3411:1,2121,2413,88,159,412,39,72,1072,6.7,79025,16068,4.9,342,760,45,6,17.4,13,10,3,2,710,21,1605,49,14,13,15,38,443,25,43076,34950,51202,,,,25486,40190,901,72,152,13,3411,17.2,32.4,37,1.1,70,2.1,18,0.5,12,0.4,990,29.0,2289,67.1,64,2,49.6,3309,100.0
48387,Texas,Red River,40,38,41,4.8,5.3,4.7,33,21,1886,21,2,17,6012:1,3,25,3998:1,4,33,2999:1,7987,8978,89,1513,2615,58,327,5144,6.4,83286,14578,5.7,649,2387,27,16,13.3,11,10,1,1,2230,18,3327,26,13,12,13,39,1623,25,46727,42150,51304,18293,,30929,19180,44646,4014,78,663,14,11995,19.1,26.1,1887,15.7,203,1.7,48,0.4,4,0.0,902,7.5,8826,73.6,22,0,51.4,9739,75.7
48389,Texas,Reeves,40,38,41,4.4,4.1,8.1,37,64,2435,22,5,31,3195:1,2,13,7975:1,1,6,15949:1,7171,10339,69,1802,4985,36,631,8858,7.1,101659,19518,5.2,1143,3468,33,8,5.0,13,7,5,2,1650,11,991,7,16,15,17,37,1875,25,64863,63795,65931,,,,48568,136750,3002,80,342,10,15949,22.3,11.6,759,4.8,185,1.2,253,1.6,12,0.1,11928,74.8,2892,18.1,1872,13,38.9,1998,14.5
48391,Texas,Refugio,38,37,40,4.4,4.4,6.9,35,10,986,19,1,14,6948:1,2,29,3439:1,1,15,6877:1,3999,4841,83,691,1513,46,252,3083,8.2,87833,19585,4.5,520,1629,32,8,11.5,14,11,3,2,1110,16,649,9,14,13,15,37,808,22,48433,39668,57198,33750,,,47716,54009,1869,73,235,10,6877,22.3,22.8,372,5.4,79,1.1,62,0.9,3,0.0,3520,51.2,2833,41.2,93,1,50.7,4480,60.7
48393,Texas,Roberts,34,33,35,3.9,4.6,5.8,27,2,112,17,0,0,854:0,0,0,813:0,0,0,813:0,523,564,93,90,161,56,19,414,4.6,104568,27305,3.8,15,184,8,0,0.0,6,6,0,1,120,15,199,21,10,9,11,35,80,17,69927,56867,82987,,,,61429,61607,272,83,4,1,813,23.5,22.6,1,0.1,12,1.5,2,0.2,0,0.0,83,10.2,702,86.3,0,0,51.4,929,100.0
48395,Texas,Robertson,38,37,39,4.3,4.7,7.2,32,38,2693,20,1,6,17074:1,1,6,17155:1,3,17,5718:1,9872,11659,85,1728,3621,48,470,7345,6.4,103093,21100,4.9,1431,4053,35,16,9.4,14,9,4,1,2330,14,1613,10,13,12,13,38,2226,23,55218,48467,61969,,,27478,65500,56071,4960,73,681,11,17155,23.4,20.7,3252,19.0,197,1.1,150,0.9,13,0.1,3739,21.8,9739,56.8,280,2,51.0,12276,73.9
48397,Texas,Rockwall,31,30,32,3.2,4.0,8.7,23,91,13643,15,78,74,1345:1,81,74,1357:1,146,133,753:1,61199,65792,93,21331,27007,79,3200,53209,6.0,181874,54646,3.3,3857,27310,14,82,7.8,12,11,2,1,9280,10,2536,3,9,8,10,33,10341,16,106225,97992,114458,69026,93300,93836,76962,110801,28734,83,2927,9,109888,26.6,12.9,8507,7.7,953,0.9,3664,3.3,133,0.1,21002,19.1,74284,67.6,1610,2,50.6,12562,16.0
48399,Texas,Runnels,37,36,39,4.4,4.6,6.3,34,37,1617,20,5,49,2053:1,2,19,5201:1,4,38,2600:1,5697,7028,81,1101,2246,49,223,4529,4.9,99964,20267,4.9,601,2459,24,18,17.5,11,9,2,2,1570,15,1679,16,13,12,14,36,1326,23,50972,45056,56888,,,,45066,52325,2838,73,353,9,10401,23.5,21.1,233,2.2,188,1.8,112,1.1,4,0.0,3670,35.3,6255,60.1,160,2,49.2,4280,40.8
48401,Texas,Rusk,38,36,39,4.4,4.7,7.1,31,41,8119,21,11,20,4946:1,17,31,3196:1,17,31,3196:1,30695,37152,83,7589,14550,52,1619,22127,7.3,104552,25621,4.1,2796,12017,23,60,11.0,13,9,3,1,7380,14,5973,11,12,12,13,38,6597,24,56954,50437,63471,,75865,36069,45399,66011,14298,79,1497,9,54324,21.7,17.4,9235,17.0,587,1.1,385,0.7,52,0.1,9696,17.8,34043,62.7,1686,3,46.3,35130,65.9
48403,Texas,Sabine,38,36,40,4.8,5.4,6.3,32,75,1450,20,2,19,5271:1,3,29,3502:1,1,10,10507:1,6811,7948,86,921,1877,49,423,3923,10.8,85897,18279,4.7,419,1934,22,12,11.4,16,15,2,1,2150,21,601,6,12,11,13,38,1182,22,51046,45707,56385,,,23043,31471,41964,3907,86,620,14,10507,17.8,31.2,700,6.7,116,1.1,46,0.4,7,0.1,500,4.8,8971,85.4,2,0,50.5,10834,100.0
48405,Texas,San Augustine,41,40,42,4.9,5.3,5.5,35,41,1240,21,2,24,4119:1,4,48,2062:1,1,12,8248:1,5051,6160,82,662,1610,41,290,3020,9.6,80694,15507,5.2,377,1625,23,5,6.1,15,9,4,2,1740,21,1065,12,13,13,14,40,1036,24,45781,37864,53698,,,29536,,44420,2711,73,342,10,8248,19.7,27.0,1751,21.2,72,0.9,34,0.4,1,0.0,642,7.8,5678,68.8,170,2,50.5,8865,100.0
48407,Texas,San Jacinto,40,39,41,4.7,5.1,7.1,33,68,5018,23,2,7,14430:1,1,3,29301:1,4,14,7325:1,17621,20611,85,2532,6290,40,940,11650,8.1,102454,21201,4.8,1168,6196,19,9,3.1,15,8,5,2,4880,17,853,3,12,12,13,39,4136,26,51575,42439,60711,,,41415,36075,51971,8066,80,1076,11,29301,21.2,23.1,2600,8.9,315,1.1,155,0.5,32,0.1,4266,14.6,21539,73.5,561,2,50.0,26384,100.0
48409,Texas,San Patricio,41,40,42,4.4,4.4,6.8,37,62,10456,19,17,25,3925:1,29,43,2313:1,26,39,2580:1,35012,43016,81,8739,17569,50,2998,29221,10.3,116068,22354,5.2,6406,17983,36,66,9.9,16,10,7,1,10180,15,7150,11,15,14,16,37,8591,22,56944,48606,65282,,65947,40156,45584,73912,15887,68,2403,11,67069,26.2,15.4,1051,1.6,719,1.1,853,1.3,109,0.2,39275,58.6,25129,37.5,1870,3,49.6,12734,19.7
48411,Texas,San Saba,38,37,40,4.6,4.7,6.5,34,5,1210,31,2,33,3028:1,1,17,6039:1,2,33,3020:1,3392,4198,81,638,1440,44,114,2193,5.2,83605,20905,4.0,184,1152,16,9,14.9,14,10,3,1,910,15,842,14,13,12,14,37,967,35,48349,39654,57044,,,,40556,46813,1512,71,204,11,6039,19.9,23.5,216,3.6,94,1.6,38,0.6,0,0.0,1883,31.2,3786,62.7,257,5,45.7,3026,49.4
48413,Texas,Schleicher,37,36,39,4.0,4.2,8.1,32,75,553,25,,,,0,0,2761:0,1,36,2761:1,1523,1922,79,314,700,45,84,1209,6.9,96088,16807,5.7,5,745,1,3,10.7,12,5,5,3,380,13,103,3,13,12,14,35,413,26,54471,44465,64477,,,,35365,61250,808,78,111,11,2761,23.3,20.3,34,1.2,37,1.3,17,0.6,0,0.0,1511,54.7,1175,42.6,139,5,50.2,3461,100.0
48415,Texas,Scurry,38,37,39,4.5,4.6,7.9,34,33,2820,22,11,66,1518:1,9,54,1851:1,4,24,4166:1,8994,11212,80,2458,4885,50,512,6251,8.2,106057,25840,4.1,674,4136,16,19,11.4,11,5,6,0,2340,14,428,3,14,13,14,37,2241,26,57158,47091,67225,,38879,43750,48879,52404,4799,78,341,6,16662,25.1,15.1,792,4.8,251,1.5,139,0.8,10,0.1,7021,42.1,8479,50.9,327,2,46.1,5364,31.7
48417,Texas,Shackelford,34,33,36,4.0,4.7,7.4,27,79,578,23,1,31,3265:1,0,0,3300:0,2,61,1650:1,1989,2259,88,519,637,81,94,1782,5.3,89568,19284,4.6,234,750,31,9,27.6,15,10,5,1,500,15,182,5,10,10,11,35,441,24,64931,53092,76770,,,,46836,49135,1090,80,76,6,3300,22.8,21.8,37,1.1,36,1.1,19,0.6,2,0.1,401,12.2,2781,84.3,52,2,50.9,3378,100.0
48419,Texas,Shelby,40,38,41,4.9,5.2,6.6,36,34,5297,26,5,20,5055:1,8,32,3114:1,15,60,1661:1,12826,16446,78,2558,5705,45,772,11274,6.8,84528,15973,5.3,1948,6608,29,29,11.5,14,9,4,1,4530,18,1905,7,14,13,14,39,4327,31,41194,36205,46183,51900,,26197,34173,47623,7115,75,909,10,24915,25.8,18.4,4275,17.2,246,1.0,375,1.5,28,0.1,4734,19.0,15161,60.9,1393,6,50.4,20214,79.4
48421,Texas,Sherman,37,35,38,4.2,4.4,7.1,32,,720,28,,,,0,0,3027:0,,,,1518,2039,74,361,709,51,40,1307,3.1,115870,30349,3.8,66,703,9,5,16.5,9,5,4,1,440,14,289,10,12,12,13,36,516,30,66408,53862,78954,,,,43478,76141,780,73,70,7,3027,27.3,15.9,36,1.2,46,1.5,28,0.9,0,0.0,1389,45.9,1556,51.4,248,9,47.3,3034,100.0
48423,Texas,Smith,38,37,39,4.2,4.6,7.1,28,69,39717,21,239,103,974:1,149,63,1583:1,339,144,696:1,131720,151253,87,38557,58778,66,7343,108544,6.8,115459,24676,4.7,12903,56176,23,299,12.8,16,12,3,1,33700,15,17066,8,12,11,12,37,33339,25,60735,54731,66739,88333,52877,45701,54035,65988,52300,67,9120,12,235806,24.2,17.3,40828,17.3,2043,0.9,3958,1.7,243,0.1,47732,20.2,138972,58.9,8707,4,51.7,66286,31.6
48425,Texas,Somervell,36,34,37,4.2,4.7,7.3,30,76,1303,18,6,66,1521:1,3,33,3046:1,2,22,4570:1,5767,6279,92,1120,2075,54,280,4328,6.5,122250,24805,4.9,175,1945,9,6,6.6,19,10,10,0,1590,18,0,0,11,11,12,36,1035,19,67984,55274,80694,,,,42000,72450,2635,84,282,9,9139,21.8,20.0,104,1.1,156,1.7,101,1.1,4,0.0,1629,17.8,7097,77.7,59,1,50.6,8490,100.0
48427,Texas,Starr,47,45,49,5.9,5.0,4.3,48,34,17283,31,14,22,4617:1,8,12,8033:1,12,19,5356:1,20549,35668,58,7138,16064,44,4559,26319,17.3,69957,12185,5.7,8422,21045,40,16,2.5,22,10,13,2,13550,21,14469,24,21,20,22,37,14433,41,35716,29482,41950,,,,30788,73333,12177,75,1900,12,64266,32.5,11.6,96,0.1,272,0.4,170,0.3,17,0.0,61906,96.3,2077,3.2,14522,25,51.1,14453,23.7
48429,Texas,Stephens,38,37,39,4.6,4.8,6.2,33,45,1633,24,3,32,3122:1,4,43,2334:1,5,54,1867:1,5068,6352,80,1006,2330,43,245,4020,6.1,87553,16486,5.3,816,2111,39,8,8.5,11,9,2,2,1570,17,1297,13,12,12,13,38,1344,28,48911,40297,57525,,,,46220,44626,2527,74,426,13,9334,21.7,20.9,276,3.0,123,1.3,80,0.9,7,0.1,2308,24.7,6517,69.8,74,1,47.2,3791,39.4
48431,Texas,Sterling,38,37,39,4.2,4.4,5.7,33,,209,19,0,0,1291:0,0,0,1315:0,,,,679,762,89,94,242,39,36,560,6.4,125833,33333,3.8,212,390,54,3,23.2,8,4,3,2,100,8,410,36,13,12,13,36,148,20,68435,55787,81083,,,,,,354,87,16,4,1315,28.0,14.8,23,1.7,28,2.1,6,0.5,1,0.1,504,38.3,747,56.8,5,0,50.0,1143,100.0
48433,Texas,Stonewall,37,35,38,4.4,4.9,7.4,32,,192,19,1,74,1350:1,0,0,1348:0,4,297,337:1,719,881,82,86,218,39,29,576,5.0,98533,19919,4.9,115,382,30,4,29.6,7,3,2,2,230,15,72,5,12,11,12,36,138,20,59802,52036,67568,,,,,,424,80,20,4,1348,22.8,26.3,36,2.7,22,1.6,17,1.3,0,0.0,244,18.1,1022,75.8,3,0,50.9,1490,100.0
48435,Texas,Sutton,38,36,39,4.1,4.2,7.9,34,77,628,21,4,106,944:1,2,54,1869:1,,,,1859,2468,75,518,1028,50,120,1229,9.8,115460,23235,5.0,318,1051,30,6,15.9,12,4,7,1,480,12,239,6,14,13,14,35,505,23,64612,53147,76077,,,,43665,75461,873,68,89,8,3738,23.5,19.4,19,0.5,54,1.4,29,0.8,1,0.0,2444,65.4,1245,33.3,179,5,48.8,776,18.8
48437,Texas,Swisher,41,40,43,5.0,4.8,6.0,38,45,1429,26,1,14,7397:1,1,14,7340:1,,,,3686,4899,75,692,1961,35,132,2533,5.2,73806,15793,4.7,423,1840,23,10,13.5,15,9,6,0,1320,18,1112,14,16,15,16,38,1151,31,39897,33011,46783,173393,,,30902,41219,1881,72,224,10,7340,24.0,18.3,569,7.8,130,1.8,50,0.7,6,0.1,3322,45.3,3265,44.5,484,7,46.7,2951,37.6
48439,Texas,Tarrant,38,37,39,3.8,4.2,7.5,29,94,347063,19,1245,59,1689:1,1300,61,1633:1,3051,144,696:1,1156056,1336510,86,381760,595052,64,79553,1082822,7.3,133862,31864,4.2,141835,545470,26,1457,6.9,17,13,5,1,266980,13,148852,8,12,11,12,33,286252,22,72064,69581,74547,70472,77924,52474,58240,84417,435543,60,92232,13,2123347,25.8,12.0,369208,17.4,19086,0.9,127054,6.0,5362,0.3,629633,29.7,946430,44.6,110254,6,51.1,23304,1.3
48441,Texas,Taylor,37,35,38,4.1,4.6,6.7,29,86,21168,19,99,72,1394:1,117,84,1190:1,261,188,533:1,75388,84236,89,21949,35995,61,3608,66148,5.5,108387,24365,4.4,9576,33832,28,172,12.5,14,11,2,1,21730,16,13079,10,12,11,12,38,17395,22,52974,46701,59247,53226,58087,41603,46571,60532,29409,58,5360,11,139200,24.8,14.9,10295,7.4,1446,1.0,3139,2.3,230,0.2,35501,25.5,86598,62.2,2986,2,51.2,21085,16.0
48443,Texas,Terrell,39,38,40,4.3,4.3,4.8,33,,101,20,0,0,776:0,0,0,702:0,0,0,702:0,664,779,85,121,181,67,18,393,4.6,81286,21100,3.9,46,117,39,0,0.0,3,3,0,0,90,10,409,42,14,13,15,37,76,20,42849,35113,50585,,,,43293,37390,404,96,32,8,702,18.5,33.8,8,1.1,28,4.0,9,1.3,0,0.0,369,52.6,292,41.6,7,1,49.3,984,100.0
48445,Texas,Terry,41,40,43,5.0,4.8,5.8,40,47,2487,26,5,41,2467:1,5,41,2437:1,1,8,12183:1,5457,7827,70,1243,3290,38,354,4840,7.3,94531,20743,4.6,883,3411,26,10,8.1,17,10,5,2,1940,16,2583,20,16,15,17,38,1995,32,47292,39029,55555,,,,36227,57650,2593,63,628,16,12183,27.3,15.2,495,4.1,171,1.4,80,0.7,9,0.1,6898,56.6,4594,37.7,992,9,46.9,3121,24.7
48447,Texas,Throckmorton,36,35,37,4.3,4.8,4.0,30,57,257,24,1,67,1501:1,0,0,1487:0,1,67,1487:1,928,1067,87,169,257,66,31,635,4.9,95684,13975,6.8,122,305,40,3,20.0,7,6,0,1,270,19,528,32,11,10,12,36,196,25,46820,38114,55526,,,,,,523,73,70,11,1487,20.8,27.8,14,0.9,21,1.4,8,0.5,0,0.0,196,13.2,1230,82.7,4,0,51.8,1641,100.0
48449,Texas,Titus,39,38,41,4.7,4.7,6.5,36,51,6864,25,14,43,2339:1,17,52,1937:1,23,70,1432:1,15623,19986,78,3504,7720,45,891,13303,6.7,92866,24215,3.8,2839,9474,30,30,9.2,17,9,8,2,5000,15,4546,14,14,13,15,37,5552,30,52973,46410,59536,,64306,26748,53553,58986,7525,68,1099,10,32926,28.6,15.0,2980,9.1,833,2.5,396,1.2,59,0.2,14711,44.7,14355,43.6,2784,9,51.1,16347,50.6
48451,Texas,Tom Green,37,36,38,4.0,4.3,7.1,31,71,16924,18,88,74,1355:1,72,60,1667:1,190,158,632:1,65850,76229,86,19247,32011,60,3406,53742,6.3,109230,25286,4.3,6999,28053,25,130,10.9,14,11,3,1,16620,14,11501,10,12,12,13,36,14171,21,55990,48737,63243,,81310,41250,52463,61154,28175,66,4508,11,120010,23.8,16.1,4381,3.7,1407,1.2,1752,1.5,229,0.2,49587,41.3,62136,51.8,2445,2,50.1,17240,15.6
48453,Texas,Travis,25,24,26,3.4,3.8,7.8,22,95,185356,16,1119,88,1138:1,935,72,1391:1,4085,314,318:1,781592,865926,90,345653,452483,76,46579,741012,6.3,156703,35257,4.4,63188,269859,23,1143,9.0,19,15,4,1,156910,13,54184,5,10,9,11,32,153927,18,82605,79414,85796,64979,97413,53747,62090,96278,260455,53,71818,15,1300503,20.9,10.5,105901,8.1,15682,1.2,100067,7.7,1666,0.1,433359,33.3,633366,48.7,64364,5,49.5,55961,5.5
48455,Texas,Trinity,38,36,39,4.7,5.2,6.4,33,79,2283,22,2,14,7326:1,1,7,14883:1,4,27,3721:1,8864,10736,83,1168,2553,46,429,5313,8.1,95476,19375,4.9,912,2951,31,21,14.3,12,9,3,1,2750,19,1136,8,12,12,13,38,1923,25,47685,40257,55113,,,18015,51932,48867,4658,76,380,7,14883,19.6,27.5,1295,8.7,151,1.0,80,0.5,13,0.1,1682,11.3,11548,77.6,295,2,51.6,11265,77.2
48457,Texas,Tyler,38,37,39,4.5,5.0,5.6,33,48,2983,20,4,18,5418:1,2,9,10796:1,6,28,3599:1,12429,15285,81,1730,5056,34,727,7372,9.9,98043,19942,4.9,1211,4103,30,26,12.0,14,9,5,1,3950,18,3517,16,11,11,12,38,2494,23,48809,41325,56293,70962,,34028,81944,47923,5895,83,661,10,21591,19.1,23.3,2218,10.3,189,0.9,132,0.6,16,0.1,1857,8.6,16938,78.4,261,1,46.6,17006,78.1
48459,Texas,Upshur,37,36,38,4.4,5.0,7.3,30,30,6255,19,12,29,3479:1,7,17,6024:1,18,43,2343:1,24408,28133,87,4781,9389,51,1345,17448,7.7,113625,22261,5.1,2639,9900,27,32,7.7,13,9,4,1,6810,17,1335,3,11,11,12,37,5126,21,58231,52088,64374,,,45551,41741,56981,11087,77,1436,11,42166,23.6,19.2,3188,7.6,501,1.2,304,0.7,33,0.1,3849,9.1,33707,79.9,337,1,50.8,31172,79.3
48461,Texas,Upton,38,37,39,4.4,4.5,7.8,35,66,630,20,2,55,1829:1,0,0,3623:0,,,,1833,2347,78,349,850,41,103,1835,5.6,96281,25292,3.8,251,1060,24,0,0.0,10,6,3,1,420,11,287,9,14,13,14,37,456,22,59593,51743,67443,91389,,54583,44271,67976,1034,77,70,6,3623,28.7,15.3,89,2.5,101,2.8,24,0.7,1,0.0,1995,55.1,1433,39.6,179,5,49.7,3355,100.0
48463,Texas,Uvalde,41,39,42,4.6,4.4,5.6,37,72,5374,25,10,37,2674:1,11,41,2431:1,15,56,1783:1,12728,16776,76,3533,6581,54,728,11333,6.4,86890,16569,5.2,2736,7182,38,28,10.5,15,9,4,2,3820,14,6617,25,16,15,17,37,4429,30,49275,44677,53873,,,,39375,51552,6185,69,729,9,26742,26.6,16.9,175,0.7,340,1.3,327,1.2,22,0.1,19378,72.5,6719,25.1,2056,8,50.8,8287,31.4
48465,Texas,Val Verde,41,39,43,4.8,4.4,5.8,39,77,9402,24,17,35,2884:1,16,33,3064:1,26,53,1886:1,20807,29717,70,7652,12941,59,1794,22589,7.9,97449,17331,5.6,4581,13828,33,38,7.8,17,10,7,1,7230,15,10555,22,17,16,18,38,7856,30,54346,48648,60044,21477,,34954,42320,68365,10623,65,1713,11,49028,28.2,14.3,690,1.4,522,1.1,439,0.9,90,0.2,40412,82.4,7100,14.5,5304,12,48.9,4965,10.2
48467,Texas,Van Zandt,36,35,38,4.4,5.0,6.7,30,27,10703,24,7,12,8084:1,12,21,4794:1,20,35,2877:1,33124,38832,85,6755,12336,55,1601,26130,6.1,109677,24485,4.5,3156,12857,25,67,11.8,13,9,2,2,8780,16,5611,11,11,10,12,36,8697,27,57891,49838,65944,75543,,39063,41645,59769,16185,79,1620,8,57533,22.9,20.8,1548,2.7,533,0.9,315,0.5,87,0.2,6974,12.1,47459,82.5,626,1,51.1,39444,75.0
48469,Texas,Victoria,38,37,40,4.2,4.4,7.2,32,73,15208,20,69,75,1335:1,52,57,1768:1,152,165,605:1,50349,60373,83,13478,23986,56,3411,41172,8.3,113341,24252,4.7,7020,23225,30,85,9.2,16,11,5,1,13240,14,7688,9,14,13,14,36,12388,24,53583,47150,60016,79185,143221,41372,52281,67195,21872,67,3382,11,91936,25.1,16.9,5302,5.8,810,0.9,1315,1.4,80,0.1,44448,48.3,39730,43.2,2533,3,51.0,23110,26.6
48471,Texas,Walker,38,37,39,4.4,4.6,7.3,33,71,8758,19,21,29,3475:1,29,40,2488:1,47,65,1535:1,40153,46704,86,9443,19776,48,1742,24085,7.2,85734,15346,5.6,2844,10449,27,46,6.3,22,20,3,1,10940,15,4260,6,14,13,14,40,7461,21,43002,39756,46248,78442,,31091,31961,46689,11677,52,4152,20,72164,14.9,14.2,16458,22.8,602,0.8,868,1.2,90,0.1,13138,18.2,40529,56.2,1781,3,42.5,30933,45.6
48473,Texas,Waller,39,37,40,4.3,4.6,7.1,33,21,10533,24,8,14,6906:1,9,16,6384:1,14,24,4104:1,25398,29797,85,7091,12142,58,1846,23804,7.8,130907,30455,4.3,2858,12842,22,26,4.7,20,13,6,2,6960,13,4776,11,13,12,14,38,8563,28,69460,59236,79684,77431,,35997,60211,88443,10798,69,1629,11,57452,24.0,12.2,13151,22.9,859,1.5,945,1.6,70,0.1,18123,31.5,24325,42.3,3027,6,50.4,26632,61.6
48475,Texas,Ward,38,37,40,4.4,4.4,8.4,35,81,2180,21,2,17,5999:1,,,,2,17,6049:1,5862,7369,80,1528,3179,48,582,6171,9.4,103649,24932,4.2,603,3315,18,9,7.5,12,7,4,1,1310,11,281,3,14,13,15,37,1659,24,57257,54258,60256,,,,51875,76939,3058,75,344,9,12097,29.3,13.4,505,4.2,191,1.6,79,0.7,12,0.1,6722,55.6,4577,37.8,484,4,49.4,2972,27.9
48477,Texas,Washington,37,36,38,4.1,4.6,7.4,30,60,5103,20,20,56,1794:1,18,50,1987:1,26,73,1376:1,20646,23589,88,3955,6841,58,866,15329,5.6,116561,26023,4.5,1685,7554,22,52,14.5,15,12,3,2,4940,14,2454,7,11,11,12,37,3973,22,62667,56679,68655,,,46741,51989,67185,9817,74,1409,11,35771,21.4,22.8,5952,16.6,215,0.6,594,1.7,20,0.1,6078,17.0,22719,63.5,1138,3,51.2,18036,53.5
48479,Texas,Webb,42,40,44,5.0,4.5,6.8,39,92,73316,30,84,30,3293:1,89,32,3120:1,109,39,2548:1,104327,153079,68,35642,72316,49,9819,116195,8.5,100771,18795,5.4,28228,90311,31,97,3.5,27,17,13,1,43300,16,24206,10,18,17,19,38,61059,39,56588,53398,59778,94167,95065,57434,49211,67806,48093,63,11124,15,277681,32.0,10.0,984,0.4,1602,0.6,1663,0.6,150,0.1,265007,95.4,9906,3.6,49636,20,50.7,6507,2.6
48481,Texas,Wharton,39,38,41,4.6,4.7,7.5,35,61,8663,26,15,36,2770:1,23,55,1812:1,21,50,1985:1,21513,26876,80,5221,9804,53,1448,21376,6.8,108943,21602,5.0,2786,10871,26,64,15.4,18,11,5,2,6200,15,1974,5,14,14,15,38,6971,30,55887,47125,64649,126382,,30676,41534,67606,10116,66,1726,12,41685,25.8,17.8,5207,12.5,348,0.8,245,0.6,34,0.1,17868,42.9,18025,43.2,2067,5,50.8,20597,49.9
48483,Texas,Wheeler,38,36,39,4.5,4.9,7.3,33,40,1058,26,2,40,2528:1,2,40,2473:1,3,61,1649:1,2802,3507,80,686,1207,57,134,2226,6.0,93986,23079,4.1,338,1321,26,11,21.8,16,11,6,0,890,17,168,3,12,12,13,37,796,29,49838,42389,57287,,,,48646,51680,1449,70,134,7,4946,24.7,20.3,128,2.6,89,1.8,43,0.9,0,0.0,1270,25.7,3416,69.1,262,5,49.9,5410,100.0
48485,Texas,Wichita,38,37,40,4.3,4.7,6.4,30,69,18616,19,111,84,1191:1,103,77,1293:1,230,173,579:1,74773,84714,88,20729,34969,59,3686,55306,6.7,97700,20003,4.9,8733,29559,30,131,9.9,17,14,2,1,22340,17,14843,11,12,11,13,39,15162,21,54659,50181,59137,44286,79559,29443,45115,52903,29577,61,6159,13,133205,22.5,15.3,13901,10.4,1909,1.4,2922,2.2,207,0.2,26898,20.2,85424,64.1,1698,1,48.3,14027,10.7
48487,Texas,Wilbarger,39,38,40,4.9,5.0,5.6,37,21,2192,22,4,31,3192:1,4,32,3138:1,18,143,697:1,6925,8795,79,1738,3329,52,290,4949,5.9,89270,17577,5.1,505,2757,18,15,11.7,14,8,4,3,2440,19,2110,16,14,14,15,39,1884,26,51774,45168,58380,38656,,58019,46275,44418,2973,59,534,11,12552,21.9,18.9,940,7.5,209,1.7,468,3.7,10,0.1,3801,30.3,6971,55.5,327,3,50.7,2963,21.9
48489,Texas,Willacy,46,44,47,5.5,4.7,4.6,45,11,3443,23,7,33,3051:1,1,5,21161:1,6,28,3527:1,9482,13532,70,2179,5987,36,790,6597,12.0,81365,15052,5.4,2031,5096,40,10,4.7,18,10,9,1,4050,19,5675,26,20,18,21,39,2947,30,40190,33425,46955,,,,36180,75283,3939,67,410,8,21161,23.3,14.5,413,2.0,143,0.7,200,0.9,15,0.1,18712,88.4,1808,8.5,1559,8,44.7,7653,34.6
48491,Texas,Williamson,32,31,33,3.2,3.9,7.8,24,89,63856,12,406,69,1455:1,352,57,1755:1,842,136,734:1,354174,379684,93,131156,173434,76,18646,318447,5.9,157402,43914,3.6,25235,145628,17,368,6.2,12,10,2,1,60430,11,36732,9,9,9,10,34,52194,14,91507,84819,98195,77813,125472,73186,76148,94018,128240,68,19466,10,617855,24.8,12.9,42227,6.8,5499,0.9,53419,8.6,1028,0.2,153879,24.9,352790,57.1,14707,3,50.6,50679,12.0
48493,Texas,Wilson,37,36,38,3.8,4.2,8.6,29,56,7054,17,22,43,2321:1,15,29,3468:1,20,38,2601:1,30081,33963,89,7003,11940,59,1396,24473,5.7,144249,34124,4.2,2036,12068,17,28,5.5,13,8,5,0,5350,11,686,2,12,11,12,36,5669,19,74529,65592,83466,,,117212,70080,85915,13943,87,1434,9,52023,23.5,16.8,823,1.6,522,1.0,347,0.7,59,0.1,21139,40.6,29073,55.9,1177,2,49.8,36850,85.9
48495,Texas,Winkler,39,38,41,4.5,4.5,8.5,36,96,1458,21,2,25,4005:1,2,25,3944:1,,,,3130,4544,69,852,1917,44,376,4039,9.3,114448,25127,4.6,251,2305,11,6,7.5,14,8,3,3,890,11,102,1,15,14,15,37,1110,24,77960,68355,87565,26295,,74125,59244,76719,2119,81,142,6,7887,29.1,11.9,172,2.2,170,2.2,66,0.8,4,0.1,4932,62.5,2626,33.3,840,12,48.1,1289,18.1
48497,Texas,Wise,37,35,38,4.1,4.7,7.7,30,32,12717,22,28,40,2499:1,17,24,4181:1,27,38,2633:1,39333,45664,86,9479,16725,57,2099,32140,6.5,127300,31945,4.0,3553,16754,21,69,9.9,14,10,3,2,9520,14,1900,3,11,10,11,36,10200,25,71636,60384,82888,,,77500,49742,74016,17720,80,2035,10,71084,24.3,15.6,966,1.4,875,1.2,446,0.6,56,0.1,14346,20.2,53757,75.6,2258,4,50.0,42635,72.1
48499,Texas,Wood,36,34,37,4.3,4.9,6.7,30,25,6987,22,19,42,2397:1,17,37,2723:1,16,35,2893:1,28065,32769,86,4059,8512,48,1179,17919,6.6,104848,23497,4.5,2242,8640,26,61,13.4,15,12,2,2,7520,17,3714,9,11,10,12,37,5809,25,61886,59080,64692,52857,,40848,53417,57454,13609,81,1714,11,46291,18.7,27.9,2352,5.1,479,1.0,295,0.6,38,0.1,4970,10.7,37800,81.7,754,2,50.4,31137,74.2
48501,Texas,Yoakum,39,37,40,4.5,4.4,8.6,36,79,2004,26,3,34,2904:1,1,11,8702:1,2,23,4351:1,3511,5074,69,1100,2365,47,421,3528,11.9,145238,26842,5.4,332,2837,12,8,9.2,13,4,8,0,780,9,423,5,14,14,15,36,1411,29,67132,57517,76747,,,,70035,69000,2010,77,257,11,8702,33.2,12.0,87,1.0,157,1.8,57,0.7,3,0.0,5942,68.3,2511,28.9,847,11,48.9,2941,37.3
48503,Texas,Young,36,34,37,4.3,4.8,6.7,31,68,3309,24,16,89,1126:1,13,73,1377:1,11,61,1628:1,10558,12447,85,2670,4212,63,410,7803,5.3,106545,22899,4.7,1091,4354,25,21,11.7,11,8,3,2,2570,14,2540,14,11,11,12,37,2604,26,54569,45190,63948,136464,,38922,45270,54643,5547,74,739,10,17904,23.2,21.0,244,1.4,246,1.4,148,0.8,10,0.1,3442,19.2,13764,76.9,287,2,50.2,6227,33.6
48505,Texas,Zapata,43,41,45,5.5,4.8,6.2,44,25,3521,29,1,7,14179:1,2,14,7086:1,,,,5196,8032,65,1387,3484,40,571,4600,12.4,78656,12174,6.5,1306,4756,27,3,2.1,25,8,18,1,2780,19,1181,8,19,18,20,39,2937,39,39876,32410,47342,,,,31433,66813,3287,70,522,12,14172,32.5,13.5,41,0.3,69,0.5,34,0.2,2,0.0,13461,95.0,609,4.3,2859,22,50.1,3299,23.5
48507,Texas,Zavala,46,44,48,5.8,4.9,4.3,46,,2076,22,1,8,11840:1,4,34,2960:1,6,51,1973:1,5377,7101,76,1565,3107,50,484,3430,14.1,71803,15740,4.6,2010,3464,58,4,3.4,17,9,6,6,2590,22,2692,23,21,19,22,39,1788,28,34898,28446,41350,,,,38281,71020,2710,74,352,10,11840,28.3,14.7,75,0.6,140,1.2,33,0.3,19,0.2,11101,93.8,600,5.1,619,6,48.9,4441,38.0
